Corpus_childesr,Corpus,Number of participants,Language or Languages spoken in recordings (be specific if possible e.g. French Quebec),"Location (Neighbourhood, village/city, province, state, country)","Place of recordings (home, nursery...)","Where children spend their time (home, nursery, playing by the river...)",Mean child age at beginning of recordings (in months),Mean child age at end of recordings (in months),Bilingualism/Multilingualism in corpus (yes/ no),Bilingualism/Multilingualism in community,Bilingualism/Multilingualism in family ,# of children with siblings,# of children with older siblings,Average number of siblings,Average number of older siblings,"Household structure (nuclear, extended)",Mean number of sessions per child,Range number of  sessions per child,Mean Duration of sessions (in minutes),Range Duration of sessions (in minutes),Parental education,Education Naomi,Parental socioeconomic status,SES Naomi,Parental profession,Type of community at the time of the recordings (hunter/forager/herder/farmer/work-for-pay/industrial/...),Naomi community type,Fertility rate of community at the time of the recordings ,Interbirth intervals in community at the time of the recordings ,Access to schooling for recorded children (yes/no/only elementary) ,"Access to health service for recorded children  (yes/no) - (answer ‘yes’ if the answer is an obvious yes, for example a child growing up in a middle-class family in France, or 'no' if the answer is an obvious no, for example a remote village where many people do not have access to health services e.g. the Tsimane')","Number of speakers of the language (e.g. millions for English, 22k for Tsimane’)",Who checked column,Comment,Inclusion,Reason for exclusion,why_exclude,our coding of access to health,our coding of access to school
AcadLang,AcadLang,15,Mandarin,China,NA,NA,NA,NA,NA,,,NA,NA,NA,NA,NA,NA,NA,NA,NA,NA,NA,NA,NA,NA,NA,NA,NA,NA,NA,NA,NA,clara,no paper & no info on childes page,No,elicited,Task-oriented,NA,NA
Aguirre,Aguirre,1,Spanish,Spain,home,"home, playing in the park, walking...",19,34,no,no,no,NA,NA,NA,NA,NA,30,30,30,NA,univerity education,4-5,middle-class,2,"mother: linguist, investigator ",urban,urban,NA,NA,NA,NA,NA,clara,paper not accessible,yes,,,NA,NA
Aksu,Aksu,38,Turkish,Turkey,"home, preschool",NA,24,56,NA,,,NA,NA,NA,NA,NA,NA,NA,NA,NA,college education,college education,NA,NA,professional,NA,NA,NA,NA,NA,NA,NA,clara,paper not entirely accessible,no,includes standardized comprehension questions interspersed with the spontaneous discussion,Task-oriented,NA,NA
AlegreLong,AlegreLong,7,Brazilian Portuguese,"Porto alegre, Rio Grande do Sul, Brasil","home, school",,,,NA,,,,,,,,,,,,,,,,,industrial,industrial,,,yes,NA,NA,,Free conversation between children (dyads),no,elicitation task,Task-oriented,yes,NA
AlegreX,AlegreX,100,Brazilian Portuguese,Brazil,,,,,,,,,,,,,,,,,,,,,,,,,,,,,,Free conversation between children (dyads),no,elicitation task,Task-oriented,,
Almeida,Almeida,1,French/Portuguese,Portugal,home,with grandparents until 3:07 and then french kindergarten in Lisbon,12,3,yes,,,1,1,2,2,NA,55+54,55+54,30,NA,NA,NA,NA,NA,NA,NA,NA,NA,NA,yes,NA,NA,lara,,no,only child speech,Only one transcribed,yes,NA
Altinkamis,Altinkamis,1,Turkish,Turkey,NA,NA,16,28,NA,,,NA,NA,NA,NA,NA,15,15,NA,NA,NA,,NA,NA,NA,NA,NA,NA,NA,NA,NA,NA,clara,no paper,yes,,,NA,NA
Amsterdam,Amsterdam,4,Dutch/French & Dutch/Italian,"Netherlands (Utrecht, Amsterdam, Arnhem)",NA,house/daycare (3/4 days a week),NA,NA,yes,,,NA,0,NA,,NA,NA,NA,30,NA,higher education,4-5,NA,NA,most worked at universities in the netherlands,NA,NA,NA,NA,yes (daycare),NA,NA,lara,access to almost none of the papers,yes,,,yes (daycare),NA
Andrén,Andrén,1,Swedish,Sweden,home,NA,17,29,no,,,NA,NA,NA,NA,NA,12.2,9-14,122,90-160,NA,,middle-class,2,NA,NA,NA,NA,NA,NA,NA,NA,clara,password needed to browse transcripts ; childes page says 1 child while paper says 5 children ,yes,,,NA,NA
Antelmi,Antelmi,1,Italian,Italy,home,home,26,40,no,,,0,0,0,0,nuclear,,,30,15-60,university education,university education,middle-class,middle-class,university,urban,urban,,,yes,yes,,,,no,recording type not precised,Task-oriented,yes,yes
Argus,Argus,1,Estonian,"Estonia, Tallinn ",NA,NA,20,29,no,yes,no,1,1,1,1,"extended (father, mother, grandmother and grandfather)",17,17,10,7-25,university education,4-5,middle-class,2,"mother: linguist, father: engineer",urban,urban,NA,NA,yes,yes,1.3,clara,paper in estonian,yes,,,yes,yes
Asymmetries,Asymmetries,31/38,Dutch,Netherlands,,,,,,,,,,,,,,,,,,,,,,,,,,,,,clara,,no,storytelling,Task-oriented,,
Avram,Avram,2,Romanian,Romania,home,NA,19,38,NA,,,2,0,NA,0,NA,23.5,16-31,60,NA,NA,,varied,1-2,NA,NA,NA,NA,NA,NA,NA,NA,clara,,yes,,,NA,NA
Bailleul,Bailleul,1,French/Russian,"France (Normandy, Marseille, + places visited)",home,"assistante maternelle francophone de 2;4 a 3;1 ans a mi-temps (20H par
semaine) et le reste du temps elle est gardée par son père a son domicile. 2:9 mother stops work and stays at home with child. 3:3 school",24,48,yes,,,0,0,0,0,nuclear,27,27,150,120-180,university education,4-5,NA,NA,mother: investigator,NA,NA,NA,NA,yes,NA,NA,lara,,yes,,,yes,NA
Barriere,Barriere,,English and AAE,USA,,,,,,,,,,,,,,,,,,,,,,,,,,,,,clara,randomized tasks + frog + unability to see transcripts ,no,frog,Task-oriented,,
BatEl,BatEl,3,Hebrew,Israel,home ,NA,8,33,no,no,no,NA,NA,NA,NA,nuclear,8,7-10,NA,NA,NA,,upper middle class,2,NA,NA,NA,NA,NA,NA,NA,NA,clara,no paper,yes,,,NA,NA
Bates,Bates,27,English,San Diego,home & lab,NA,10,28,NA,,,NA,NA,NA,NA,NA,8,NA,NA,NA,NA,NA,middle-class,middle-class,NA,NA,NA,NA,NA,NA,NA,NA,clara,papers inaccessible,no,lab environment,In lab/school,NA,NA
Batoreo,Batoreo,60,Portuguese,,,,,,,,,,,,,,,,,,,,,,,,,,,,,,,,no,narrative,Task-oriented,,
Beek,Beek,1,Estonian,Estonia,NA,NA,9,29,NA,,,NA,NA,NA,NA,NA,20,20,NA,NA,NA,,NA,NA,NA,NA,NA,NA,NA,NA,NA,NA,clara,no paper,yes,,,NA,NA
Belfast,Belfast,8,English,"Belfast, Northern Ireland",home,NA,34,49,NA,,,NA,NA,NA,NA,NA,"11,25",7-14,60,NA,NA,,upper working class,2,NA,NA,NA,NA,NA,NA,NA,NA,clara,,yes,,,NA,NA
BermanLong,BermanLong,4,Hebrew,"Tel Aviv, Israel",home,NA,18,34,no,,,2,1,0.75,0.5,nuclear,67,17-134,60,NA,higher education,4-5,NA,NA,NA,NA,NA,NA,NA,NA,NA,NA,clara,,yes,,,NA,NA
BernsteinRatner,BernsteinRatner,9,English,"Cambridge, MA",sound-proof both MIT,,16,19 (range 13-21),No,No,No,NA,NA,NA,NA,nuclear,3,3,30-45,30-45,most had 4 year college degree,most had 4 year college degree,middle and upper middle,middle and upper middle,"Maternal educ avail for each in Bernstein dissertation 4 teachers, 2 therapists, 1 nurse, analyst, court reporter",suburban Boston area,,NA  (recruited in 1980),NA,Yes,Yes,Millions,clara,,no,lab environment,In lab/school,,
Biro,Biro,1,Hungarian/Catalan/Spanish,"Spain (Lloret de Mar), Hungary (Kecskemét)","House, nursery, beach, office","Nursery, home, playing on the beach, in the office at university of Szeged (Hungary)",19 and 28 days,43 and 25 days,trilinguism,Yes (Spanish/Catalan),No,1,1,1,1,Nuclear,108,108,30,19-41,university education,4-5,middle-class,2,"Mother:linguist
Father: business administrator",Seaside tourist town,NA,NA,NA,Yes,Yes,"450 million (Spanish)
9 million (Catalan)
14 million (Hungarian)",lara,the paper is in spanish,yes,,,,NA
BiSLI,BiSLI,500+,Dutch and Russian,"Russia (Kemerovo, St. Petersburg, Sochi), The Netherlands (Amersfoort, Amsterdam, Hilversum, Utrecht, The Hague and several other cities)","schools, kindergartens",schools or kindergartens,n/a,n/a,"yes, but only the bilingual subcorpus",no,only in the bilingual subcorpus,NA,NA,NA,NA,NA,1,NA,10,5-15,varied,varied,varied,varied,varied,NA,,NA,NA,YES,YES,NA,lara,,no,narrative,Task-oriented,,
Bliss,Bliss,8,English,USA,NA,NA,59,NA,NA,,,NA,NA,NA,NA,NA,NA,NA,NA,NA,NA,NA,NA,NA,NA,NA,NA,NA,NA,NA,NA,NA,clara,"paper not accessible, not enough info on childes",No,Clinical,Clinical,NA,NA
Bloom,Bloom,3,English,USA,,,,,,,,,,,,,,,,,,,,,,,,,,,,,clara,one of the paper cited is a book and is not accessible ; not enough info on all children to gather it ,Yes,,,,
Bodor,Bodor,1,Hungarian,"Budapest, Hungary",home,NA,24,34,no,,,NA,NA,NA,NA,NA,63,63,NA,NA,NA,,middle-class,2,Father:researcher,NA,NA,NA,NA,NA,NA,NA,clara,papers not accessible or in hungarian,yes,,,NA,NA
Bohannon,Bohannon,2,English,USA,home,NA,NA,NA,NA,,,NA,NA,NA,NA,NA,NA,NA,NA,NA,NA,NA,NA,NA,college professor ,NA,NA,NA,NA,NA,NA,NA,clara,not enough info for one child ; no info for the other ,No,15 ppl the kids don't know interact with them,Unfamiliar adult,NA,NA
BolKuiken,BolKuiken,"TD n=31 (15 m, 16 f) 16 recorded at two moments: the total number of recordings is 47. SLI n=20 (15 m, 5f). DS n=20 (10m, 10f). HI n=20 (11m, 9f) ",Dutch,Netherlands,"TD at home, SLI, DS, HI at their schools",,TD 19 SLI 50 DS 53 HI 47,TD 43 SLI 98 DS 227 HI 109,no,,,NA,NA,NA,NA,NA,1,,NA,NA,NA,NA,NA,NA,NA,NA,NA,NA,NA,yes,yes,24 million,clara,,No,clinical,Clinical,yes,yes
Braunwald,Braunwald,1,English,USA,"home/mealtime, play",home/  morning preschool,17 months ,see email attachment ,no ,no,no,1,1,,1,nuclear,see email attachment ,,Linked to diary entries,Linked to diary entries,Graduate Degrees,Graduate Degrees,upper midedle class,upper midedle class,Maternal Diarisit MA French Lit; post diary Ph.D.,NA,,NA,NA,NA,Yes,Millions,clara,,no,diary,Diary,,
Brent,Brent,8,English,USA,home,NA,9,15,NA,,,NA,NA,NA,NA,NA,14,NA,105,90-120,university education,4-5,NA,NA,NA,NA,NA,NA,NA,NA,NA,NA,clara,,yes,,,NA,NA
Brown,Brown,3,English,USA,home,NA,25,49,NA,,,NA,NA,NA,NA,NA,71.3,20-139,NA,NA,NA,,middle-class/working-class,1-2,"minister, elementary school teacher",NA,NA,NA,NA,NA,NA,NA,clara,found the paper cited on researchgate but it was a powerpoint of a class on humor (?????) ,yes,,,NA,NA
BSF,BSF,102,Hebrew,central Israel,"home, daycare, school",NA,"3;0 to 3;11, 4;0 to 4;11 (in English, Spanish, Hebrew), ",NA,no,,,NA,NA,NA,NA,NA,NA,NA,20,NA,well-educated,4-5,middle to upper-middle-class,2,,NA,NA,NA,NA,NA,NA,NA,clara,some narratives,yes,,,NA,NA
Calambrone,Calambrone,6,Italian,italy,home,NA,18.16666667,36.83333333,no,,,NA,3,NA,1,NA,27.33333333,13-43,NA,30-45,NA,,middle and high,2,NA,NA,NA,NA,NA,NA,NA,NA,cs,details mixed with SLI cohort,yes,,,NA,NA
Caroline,Caroline,1,German,"Germany, Heidelberg",home,home - during the recordings,10,51,no,,,0,0,0,0,nuclear,very different across time of recording,NA,NA,NA,university education,4-5,middle,2,professor of German ,industial,industial,NA,NA,yes,yes,millions,clara,"no paper, no info on CHILDES page",Yes,,,yes,yes
CCF,CCF,5,European Portuguese,Portugal,home,NA,11,33.2,no,,,NA,NA,NA,NA,NA,27,12-38,42.36,29.4-48.6,NA,,NA,NA,NA,NA,NA,NA,NA,NA,NA,NA,cs,,yes,,,NA,NA
CCLAS,CCLAS,1,Cree,Canada,home,home - during the recordings,25 and 14 days,44 and 24 days,no,yes,yes,1,1,2,2,nuclear,10,10,,,post secondary,4,NA,NA,professional,rural,work for pay with seasonal living off the land ,NA,NA,yes,yes,"80,000",clara,,yes,,,yes,yes
CDS,CDS,,Polish,NA,NA,NA,NA,NA,NA,,,NA,NA,NA,NA,NA,NA,NA,NA,NA,NA,NA,NA,NA,NA,NA,NA,NA,NA,NA,NA,NA,clara,"no papers ; compilation of corpora, but only 1 seems available (Szuman)",No,"some not naturalistic, seems to only be adults",Only one transcribed,NA,NA
Champaud,Champaud,1,French,France,home,NA,21 and 18 days,29 and 27 days,NA,,,1,1,2,2,NA,10,10,NA,NA,college degree,4,upper-middle-class,2,professor of French ; professor of German,NA,NA,NA,NA,NA,NA,NA,clara,paper not accessible,yes,,,NA,NA
Chang1,Chang1,24,Mandarin,"Hsinchu, Taiwan",school library,home/school,49 (No 13-24) & 72 (No 1-12),49 (No 13-24) & 72 (No 1-12),NA,NA,NA,NA,NA,NA,NA,NA,1,1,NA,NA,college or graduate school,college or graduate school,middle and upper-middle-class,middle and upper-middle-class,varied,industrial,industrial,NA,NA,yes,yes,NA,,,No,narrative with toys,Task-oriented,yes,yes
Chang2,Chang2,16,Mandarin,"Taipei, Taiwan",home,home/school,42,42,NA,NA,NA,NA,NA,NA,NA,NA,1,1,NA,NA,college or graduate school,college or graduate school,middle-class,middle-class,varied,industrial,industrial,NA,NA,yes,yes,NA,,,No,narrative,Task-oriented,yes,yes
ChangPlay,ChangPlay,21,Mandarin,"Taipei, Taiwan",home,home/school,42,67,NA,NA,NA,NA,NA,NA,NA,NA,3,3,NA,NA,primary school/ high school (majorityt)/ colllege,primary school/ high school (majorityt)/ colllege,low SES,low SES,varied,industrial,industrial,NA,NA,yes,yes,NA,,,No,seems structured,Task-oriented,yes,yes
ChangPN,ChangPN,191,Mandarin,"Taipei & New Taipei City, Taiwan",school,home/school,82,82,NA,NA,NA,NA,NA,NA,NA,NA,1,1,NA,NA,high school/college,high school/college,middle-class,middle-class,varied,industrial,industrial,NA,NA,yes,yes,NA,,,No,Narratives,Task-oriented,yes,yes
CHCC,CHCC,3,English/Mandarin/Cantonese,"US: Seattle, Maryland, Ann Arbor",home,home/school,17,49.6,yes,,,NA,NA,NA,NA,NA,NA,NA,(Luna: 40-60. Others: no info),NA,PhDs,5,NA,NA,NA,NA,NA,NA,NA,yes,NA,NA,lara,"Luna has a youner sister, no mention of being only children or having siblings for the two others",yes,,,yes,NA
Chromá,Chromá,6,Czech,Czech Republic: Prague and Hradec Králové,home,home ; daycare ; grandparents/aunt,23,38,no,no,no,5,2,1,1,nuclear family,28.6,11-38,20,7-29.23,high school ; university ,2-4,middle and upper-middle-class,2,university scientist ; cultural manager ; lawyers ; It-specialist ; photographer ; office job ; elementary school teacher ; musical instruments maker ; graduate student ,urban,western society,"1,81 (2018)",NA,yes,yes,10 millions,clara,no papers ; website provided in Czech,yes,,,yes,yes
CIG1,CIG1,7,Welsh,"Arfon area Gwynedd, North Wales",NA,NA,18,30,NA,,,4,2,NA,0.5,NA,23.25,11-29,40,30-45,NA,,NA,NA,NA,NA,NA,NA,NA,NA,NA,70% of population,clara,paper not accessible,yes,,,NA,NA
CIG2,CIG2,468,Welsh,Wales,schools,NA,63,63,NA,,,NA,NA,NA,NA,NA,NA,NA,NA,NA,NA,,varied,1-2,NA,NA,NA,NA,NA,NA,NA,NA,clara,no paper,yes,,,NA,NA
Clark,Clark,1,English,"Palo Alto, California, USA",home,home & daycare (mornings),2;02.16,3;02.02,NA,no,no,1,0,1,0,nuclear family,NA,NA,usually 60 minutes,NA,university,4-5,upper-middle,2,university scientist ,industrial,industrial,NA,NA,yes,yes,US English-global,clara,,Yes,,,yes,yes
CLPF,CLPF,,Dutch,the Netherlands,,,,,,,,,,,,,,,,,,,,,,,,,,,,,clara,,no,redirects to utrecht corpus below,Not available,,
ColMex,ColMex,,Spanish,Mexico,,,,,,,,,,,,,,,,,,,,,,,,,,,,,clara,,no,narrative,Task-oriented,,
COmptonPater,COmptonPater,,English,USA,,,,,,,,,,,,,,,,,,,,,,,,,,,,,,,No,diary,Diary,,
Conti-Ramsden 1,Conti-Ramsden 1,4,British English,England(city not available),,,23-38,,no,,no,4,4,1.75,1.75,nuclear,,,15,,secondary education (two fathers had further education but did not hold university degrees),secondary education (two fathers had further education but did not hold university degrees),middle-to-low,middle-to-low,"all mother are housewives, fathers: ancillary workers with occupations between professional and skilled and semiskilled manual workers",industrial,,,,yes,yes,"60,000,000",clara,,no,clinical,Clinical,,
Conti-Ramsden 4,Conti-Ramsden 4,"adolescents, I am not including it for now",,,,,,,,,,,,,,,,,,,,,,,,industrial,,,,,,"60,000,000",clara,,no,clinical,Clinical,,
Croatian MAIN,Croatian MAIN,90,Croatian & Italian,Croatia & Italy,nursery,NA,73,73,yes,yes,yes,NA,NA,NA,NA,NA,1,1,4,NA,NA,NA,"medium, medium-low, medium high SES","medium, medium-low, medium high SES",NA,industrial,NA,NA,NA,yes,yes,NA,clara,,no,"picture description, elicitation narrative material, adult testing",Task-oriented,NA,NA
CRSLP-MARCS,CRSLP-MARCS,18,Thai,"Bangkok, Thailand",NA,NA,6,23,NA,,,NA,NA,NA,NA,NA,N/A,N/A,N/A,NA,NA,,NA,NA,NA,NA,NA,NA,NA,NA,NA,NA,clara,paper not accessible ,yes,,,NA,NA
Cruttenden,Cruttenden,2,English,England,home,home,17,43,no,no,no,Children were twins. No other siblings,0,1,1,nuclear,N/A,N/A,N/A,N/A,University,University,middle,middle,University lecturer,industrial,,N/A,N/A,yes,yes,millions,clara,,no,only child speech,Only one transcribed,,
CUHK,CUHK,7,English/Mandarin/Cantonese,Hong Kong,NA,NA,NA,NA,yes,,yes,NA,NA,NA,NA,NA,NA,NA,NA,NA,NA,,NA,NA,NA,NA,NA,NA,NA,NA,NA,NA,lara,almost no info,Yes,,,NA,NA
D'Odorico,D'Odorico,6,Italian,northern italy,lab,home,19,25,no,,,NA,2,NA,1,NA,NA,NA,30,30,NA,NA,NA,NA,NA,industrial,industrial,NA,NA,yes,yes,NA,cs,"video-recordings at lab, information from papers is mixed with other children",No,semi-structured,Task-oriented,yes,yes
Davis,Davis,,English,USA,,,,,,,,,,,,,,,,,,,,,,,,,,,,,,,Yes,,,,
De Houwer,De Houwer,1,English/Dutch,"Antwerp, Belgium",home,home; with grandparents; in English-speaking preschool,31.5,"39.5 (19 hrs of recordings, longitudinal)",yes,yes,yes,0,0,0,0,nuclear,NA,NA,60 (each recording was 60 mins),60 (each recording was 60 mins),university education,4-5,upper middle class,2,MOT: free lance journalist; FAT: university professor,industrial,industrial,1.71 per woman (@ time of data collection),no information,yes,yes,Engl = global language; Dutch: about 22 million,lara,you need to ask the authors for the morphological code (it's written at th end of the CHILDES page),yes,,,yes,yes
De Houwer/Bornstein,De Houwer/Bornstein,34,Dutch/French (N=31) and Dutch/English (N=3),Belgium (mostly Flanders and Brussels),home,home; in daycare; with grandparents (varies across childen),13 (recording 1),20 (recording 2),yes,yes,yes,all firstborn (some newborn sibs),0,some newborns,0,nuclear,,,30 mins at each age level,30 mins at each age level,variable (at least 12 years),3-5,middle to upper middle class,2,variable (N= 34 x 2); most MOTs work part-time,industrial,industrial,1.60 per woman (@ time of data collection),no information,yes,yes,Engl & French: global languages; Dutch: about 22 million,Lara,,Yes,,,yes,yes
DeHouwer,DeHouwer,4,Dutch,"Antwerp, Belgium",home,home; Dutch-speaking preschool; with grandparents,57,57,no,yes,no,4,2,1,0.5,nuclear,"3,75",3-4,NA,NA,between 11 and 15 years,2-4,lower-middle to middle-middle class,1-2,ranging from electrician over grade school teacher to industrial engineer,industrial,industrial,1.56 per woman (@ time of data collection),no information,yes,yes,Dutch: about 22 million,clara,,yes,,,yes,yes
DeHouwer/Bornstein,DeHouwer/Bornstein,31,Dutch,Belgium (mostly Flanders and Brussels),home,home; in daycare; with grandparents (varies across childen),13 (recording 1),20 (recording 2),no,yes ,no,all firstborn (some newborn sibs),0,some newborns,0,nuclear,,,30 mins at each age level,30 mins at each age level,variable (at least 12 years),variable (at least 12 years),middle to upper middle class,middle to upper middle class,variable (N= 31 x 2); most MOTs work part-time,industrial,industrial,1.60 per woman (@ time of data collection),no information,yes,yes,Dutch: about 22 million,clara,,no,404 Not Found,Not available,yes,yes
DeLisser,DeLisser,2,Jamaican,Jamaica,"home (TYA) ; home of mother, of paternal grandparents or maternal grandmother",NA,22,39,no,,,2,NA,1.5,NA,NA,31,31,60,60,NA,,NA,NA,mother : housewife (TYA)/unemployed/store clerk (SHU) ; father : taxi driver (TYA) ,rural,rural,NA,NA,NA,yes,NA,clara,,yes,,,NA,yes
DELV,DELV,72,AAE,US,NA,NA,NA,NA,NA,,,NA,NA,NA,NA,NA,NA,NA,NA,NA,NA,NA,NA,NA,NA,NA,NA,NA,NA,NA,NA,NA,clara,no paper + data not available for public use,No,data not for use,Not available,NA,NA
Demetras - Trevor,Demetras - Trevor,,English,USA,,,,,,,,,,,,,,,,,,,,,,,,,,,,,clara,,Yes,,,,
Demetras - Working,Demetras - Working,,English,USA,,,,,,,,,,,,,,,,,,,,,,,,,,,,,clara,,Yes,,,,
Demuth,Demuth,4,Sesotho,"Mokhotlong, Lesotho",home,in and around home,30,39,no,,,4,4,2,2,extended,23,23,200,180-240,primary school,1,lower,1,"mothers (peasant farmers), fathers (migrant workers)",rural farming village,rural farming village,~6,~2.5 years,primary,clinic,4 million,clara,,yes,,,primary,clinic
Deuchar,Deuchar,1,English/Spanish,"England, Brighton",home,crèche/grandmother 1 day a week,15,39,yes,,,0,0,0,0,NA,NA,NA,NA,NA,NA,,NA,NA,mother: linguist (investigator). Father: civil engineer,NA,NA,NA,NA,NA,NA,NA,lara,"Many of the recordings have not yet been transcribed; others, although transcribed, do not yet meet the CHAT conventions. Diary and creche records are also not yet available in the CHAT format. + I don't have access to the paper",yes,,,NA,NA
DiezItza,DiezItza,20,Spanish,Spain,home,NA,36,47,NA,,,NA,NA,NA,NA,NA,1,1,45,NA,NA,NA,NA,NA,NA,NA,NA,NA,NA,NA,NA,NA,clara,paper not accessible,No,most are structured,Task-oriented,NA,NA
Doukas,Doukas,2,Greek,"Athens, Greece",home,home with parents and other family members ,21,33,no,no,no,0,0,0,0,extended,10.5,8-13,37.5,30-45,high school,2,working class,1,admin and civil servant (lower) work,industrial ,industrial ,NA,NA,yes,yes,12 million,clara,,yes,,,yes,yes
DSLT,DSLT,NA,AAE,US,NA,NA,NA,NA,NA,,,NA,NA,NA,NA,NA,NA,NA,NA,NA,NA,NA,NA,NA,NA,NA,NA,NA,NA,NA,NA,NA,clara,no paper + data not available for public use,No,Narrative,Task-oriented,NA,NA
Dutch-AarssenBos,Dutch-AarssenBos,176,Dutch,The Netherlands,school,NA,54 or 102,90 or 126,no,,,NA,NA,NA,NA,NA,,,30 minutes,NA,NA,NA,NA,NA,NA,NA,NA,NA,NA,yes,yes,25 million,clara,,no,frog,Task-oriented,yes,yes
Edwards,Edwards,70,AAE,US,NA,NA,NA,NA,NA,,,NA,NA,NA,NA,NA,NA,NA,NA,NA,NA,NA,NA,NA,NA,NA,NA,NA,NA,NA,NA,NA,clara,no paper + data not available for public use,No,data not available for use,Not available,NA,NA
Einarsdottir,Einarsdottir,15,Icelandic,Iceland,NA,NA,NA,NA,NA,,,NA,NA,NA,NA,NA,NA,NA,NA,NA,NA,NA,NA,NA,NA,NA,NA,NA,NA,NA,NA,NA,clara,paper in icelandic ; no info on childes page ,No,collected in the school,In lab/school,NA,NA
EllisWeismer,EllisWeismer,,English,"Wisconsin, USA",,,,,,,,,,,,,,,,,,,,,,,,,,,,,clara,,no,clinical,Clinical,,
Erbaugh,Erbaugh,4,Mandarin,"Beijing, China",home,NA,27,34,NA,,,NA,NA,NA,NA,NA,NA,NA,NA,NA,NA,,NA,NA,"teachers, police officer, business",NA,NA,NA,NA,NA,NA,one billion,clara,p.394-395 for info on the family,yes,,,NA,NA
EsteveGibert/Prieto,EsteveGibert/Prieto,4,Catalan,"Alt penedes, region of catalonia",home,NA,7,11,no,,,NA,NA,NA,NA,nuclear,NA,14.75,30,30,NA,,NA,NA,NA,industrial,industrial,NA,NA,NA,NA,NA,cs,only children's tier,yes,,,NA,NA
Estonian MAIN,Estonian MAIN,15,Estonian,Estonia,NA,NA,NA,NA,NA,,,NA,NA,NA,NA,NA,NA,NA,NA,NA,NA,NA,NA,NA,NA,NA,NA,NA,NA,NA,NA,NA,clara,papers in estonian,no,narrative,Task-oriented,NA,NA
Evans,Evans,44,English,"Ontario, Canada",separate playroom in school,separate playroom in school,83 months , same,no,slight,NA,,,,,,1,,middle 10 minutes of 20 minute play session,,,,lower to middle class,lower to middle class,,small city ,,,,yes,yes,,clara,,No,structured,Task-oriented,,
FallsChurch,FallsChurch,1,English/Japanese,"USA, Northern Virginia",home,daycare and home,19 and 15 days,31,yes,no,yes,0,0,0,0,nuclear,19,19,"60 (Twice 30min, for each language)",NA,university education,4-5,middle class,2,"father: language teacher/PhD student, mother: master's student",industrial,industrial,NA,NA,yes,yes,130 million for Japanese; 400 million for English,lara,"""Transcription has not been checked for reliability. The phonetic transcriptions should be used with particular caution as the quality of the earlier recordings is poor and phonetic analysis was not the original goal of the study.""",yes,,,yes,yes
Family,Family,2,Farsi,Iran,home,NA,24 and 11 days,48,NA,,,NA,NA,NA,NA,NA,67,31-103,NA,NA,NA,,NA,NA,NA,NA,NA,NA,NA,NA,NA,NA,clara,paper not accessible,yes,,,NA,NA
Feldman (Andrea) ,Feldman (Andrea) ,,English,"Colorado, USA",,,,,,,,,,,,,,,,,,,,,,,,,,,,,clara,,Yes,,,,
FerFuLice,FerFuLice,2,English/Spanish,"Spain, Salamanca",home (mostly),mother for the first year and then daycare 3h/day,13,83,yes,no,yes,2,0,1,0,nuclear,178,178,NA,NA,NA,,middle class,2,NA,NA,NA,NA,NA,NA,NA,NA,"There are 51 references, so I didn't read it all (at all)",Lara,yes,,,NA,NA
FernAguado,FernAguado,50,Spanish,"Pamplona, Spain",school & house,school & house,36,48,no,no,no,42,32,1.1,0.8,nuclear,9,9-9,45,45-45,University 48% Secondary 40% Primary 10%,2-4,middle class,2,NA,industrial & service &trade activities...,industrial & service &trade activities...,1.03%,NA,yes,yes,586 milion worldwide; 47.4 milion Spain; 209.6k Pamplona,clara,no paper,yes,,,yes,yes
Fletcher,Fletcher,72,English,UK,school,,,,,,,,,,,,1,1,45,,,,,,,,,,,,,,clara,,no,elicitation task,Task-oriented,,
Florianopolis,Florianopolis,1,Brazilian Portuguese,Sao Paulo,NA,NA,20,26,no,,,NA,NA,NA,NA,nuclear,340,300-360,NA,NA,NA,,upper-middle class,2,"father linguist professor, mother psychologist",industrial,industrial,NA,NA,yes,NA,NA,CS,"no publication, ",yes,,,yes,NA
Forrester,Forrester,3,British English,"Canterbury, Kent, England.",home,NA,12,198,no,no,no,1,1,2,NA,nuclear,35,35,35,15-45,university education,4-5,middle-class,2,University lecturer,industrial,industrial,NA,NA,no,no,60 milion ,clara,,yes,,,no,no
Freitas,Freitas,7,European Portuguese ,Portugal,,,,,,,,,,,,,,,,,,,,,,,,,,,,,,404 not found,no,,Not available,,
French-Lyon,Lyon,5,French,France,home,NA,24,36,no,,,NA,NA,NA,NA,nuclear,NA,NA,60,60,NA,,middle-class,2,NA,urban,urban,NA,NA,yes,yes,NA,clara,only 2 children described in the paper ,yes,,,yes,yes
French-MTLN,MTLN,315,French,France,home and daycare center,home and kindergarten,24,48,no,no,no,NA,NA,NA,NA,nuclear,9,NA,20,1-9,Low and High education,Low and High education,Low and High SES,Low and High SES,NA,NA,NA,NA,NA,NA,NA,NA,clara,browsable transcripts show only child speech,no,only child speech,Only one transcribed,NA,NA
Gaeltacht,Gaeltacht,1,Irish,"West Coast, Ireland",home,NA,17,29,no,,,1,1,1,1,NA,23,23,NA,NA,NA,,NA,NA,NA,NA,NA,NA,NA,NA,NA,NA,clara,,yes,,,NA,NA
Garmann,Garmann,8,Norwegian,"Oslo, Norway",home,NA,15,21,NA,,,2,NA,1.5,NA,NA,NA,NA,30,NA,NA,,NA,NA,NA,NA,NA,NA,NA,NA,NA,NA,clara,,yes,,,NA,NA
Garvey,Garvey,,English,USA,,,,,,,,,,,,,,,,,,,,,,,,,,,,,clara,,No,only children,Only one transcribed,,
Gathercole,Gathercole,12,English,Scotland,Nursery of the Department of Psychology at the University of Edinburgh,NA,49,49,NA,,,NA,NA,NA,NA,NA,NA,NA,NA,NA,NA,NA,NA,NA,NA,NA,NA,NA,NA,NA,NA,NA,clara,,No,at school while eating lunch with an experimenter present on four separate occasions,In lab/school,NA,NA
Gelman,Gelman,28,Marathi/English,"Michigan, US","children's homes -- often in the living room, playroom, or kitchen",NA,14,48,yes,NA,NA,NA,NA,NA,NA,NA,NA,NA,NA,NA,NA,NA,NA,NA,NA,NA,,NA,NA,NA,NA,NA,lara,,no,book reading,Task-oriented,,
Gelman,Gelman,38,Quechua,Peru,home,NA,NA,NA,no,NA,NA,NA,NA,NA,NA,NA,NA,NA,15,10-20,5th grade education,5th grade education,NA,NA,NA,farmer,farmer,NA,NA,NA,NA,NA,clara,,no,picture descriptions,Task-oriented,NA,NA
Gelman,Gelman,226 parent-child dyads,English,"Ann Arbor, Michigan, US",lab,NA,NA,NA,no,NA,NA,NA,NA,NA,NA,NA,NA,NA,NA,NA,NA,NA,NA,NA,NA,NA,,NA,NA,NA,NA,NA,clara,,No,structured,Task-oriented,,
Geneva,Geneva,1,French,Switzerland,home,NA,20 and 26 days,30 and 10 days,NA,,,NA,NA,NA,NA,NA,17,17,45,NA,university education,4-5,NA,NA,NA,NA,NA,NA,NA,NA,NA,NA,clara,,yes,,,NA,NA
Gildersleeve,Gildersleeve,7,Quechua,"Michacala, Cotopaxi, Ecuador",home,NA,13,18,NA,,,NA,NA,NA,NA,NA,7.5,7-8,60,60,NA,NA,NA,NA,NA,NA,NA,NA,NA,NA,NA,NA,clara,,no,only child speech,Only one transcribed,NA,NA
Gillam,Gillam,,English,USA,,,,,,,,,,,,,,,,,,,,,,,,,,,,,clara,,no,storytelling ,Task-oriented,,
Gillis,Gillis,1,Dutch,Antwerp (Belgium),home,home,20 and 29 days,23 and 15 days,no,no,no,1,1,0,0,nuclear,19,19,138,67 - 225,university education,4-5,middle-class,2,nurse,work-for-pay,work-for-pay,?,?,yes,yes,Flanders: ± 6 million,clara,,yes,,,yes,yes
Gleason,Gleason,,English,"Boston, USA",,,,,,,,,,,,,,,,,,,,,,,,,,,,,clara,,No,some in the lab,In lab/school,,
GNP,GNP,5,English/French,Montreal or surroundings communities,home,"home, daycare centre, parks (with parents), city",various,various,yes,yes,yes,,,,,,,,,,university or CEGEP,3-5,middle class,2,various,industrial,industrial,,,,,,lara,"Im confused, the papers linked mix the corpus with others, or only use 2/3 children so I'm not really sure about any info",Yes,,,,
Goad,Goad,2,English,"Montréal, Québec, Canada",home,home,19.5,39,no,,,NA,NA,NA,NA,nuclear,,,,,university,university,middle class,middle class,professional,industrial,industrial,<1.5 (city of Montréal),NA,too young,no,"Québec: 600,000 native speakers of English; Canada: 20 million native speakers of English",,,No,only the children,Only one transcribed,too young,no
GoadRose,GoadRose,2,French,"Québec City, Québec, Canada (Clara); Montréal suburb, Québec, Canada (Théo)",home,home,17,39,no,,,2,2,2,1.5,nuclear,39.5,34-45,32.5,20-45,university (Clara) & high school (Théo),2-4,middle class,2,linguist (Clara); at home mother (Théo),work-for-pay/industrial,work-for-pay/industrial,NA,NA,too young,yes,NA,clara,,yes,,,too young,yes
Goga,Goga,7,Romanian,Romania,office in kindergarten,NA,28,NA,NA,,,NA,NA,NA,NA,NA,1,NA,NA,NA,NA,NA,NA,NA,NA,NA,NA,NA,NA,NA,NA,NA,clara,,No,seriated nesting cup task,Task-oriented,NA,NA
GRERLI,GRERLI,,,Spain,,,,,,,,,,,,,,,,,,,,,,,,,,,,,clara,,no,narrative,Task-oriented,,
GRERLI,GRERLI,80,Spanish/Catalan,Spain,,,,,,,,,,,,,,,,,,,,,,,,,,,,,clara,,no,narrative,Task-oriented,,
GRERLI,GRERLI,80,Catalan,Spain,,,,,,,,,,,,,,,,,,,,,,,,,,,,,,,no,narrative,Task-oriented,,
Grimm,Grimm,4,German,"Osnabrueck, Germany",home,home,13,23,no,no,no,0,0,0,0,nuclear,24.75,22-30,45,30-60,university degree or some kind professional training,3-4,middle-class,2,NA,industrial,industrial,NA,NA,yes,yes,millions,clara,,yes,,,yes,yes
Groningen,Groningen,7,Dutch,Netherlands,home,"daycare center, play group",20,39,NA,,,6,0,1,0,NA,,,53.8,30-75,university education,4-5,NA,NA,"students, system manager, artist, orthopedagogical therapist, musician, lawyer, veterinarian",NA,NA,NA,NA,NA,NA,24 million,clara,,yes,,,NA,NA
Guilfoyle,Guilfoyle,6,Irish,Ireland,NA,NA,28,28,no,,,NA,NA,NA,NA,NA,1,1,45,45,NA,,NA,NA,NA,NA,NA,NA,NA,NA,NA,NA,clara,no paper,yes,,,NA,NA
Guthrie,Guthrie,,,,,,,,,,,,,,,,,,,,,,,,,,,,,,,,Lara,,no,classroom interactions,In lab/school,,
Hacohen,Hacohen,1,English/Hebrew,"Israel, village nearby Beer-Sheva, a high socio economic status village",home," Hebrew-speaking caretakers coming to the house every day from 7mo, then went to a Hebrewspeaking day-care center (around the age of 1;6).",34,40,yes,no,"yes (both EK's parents spoke English at home. the mother's native language is american English, and the father is a native Hebrew speaker but a highly proficient English speaker. not sure about other family member. you could maybe get more info from my Bilingualism paper (Hacohen & Schaeffer 2007). )",1,1,1,0,"nuclear (EK was living with her father and mother, and her younger sister. the paternal grandparents were also in close contact with the nuclear family. more info maybe reported in Hacohen & Schaeffer (2007) )",NA,NA,60,NA,PhD,5,high,2,university professors,NA,NA,NA,NA,NA,NA,NA,lara,The age is different between what CHILDES say and what the paper say so I based on the paper,yes,,,NA,NA
Haggerty,Haggerty,,English,,,,,,,,,,,,,,,,,,,,,,,,,,,,,,clara,,No,only the child,Only one transcribed,,
Hall,Hall,39,English,USA,home and school,,,,,,,,,,,,,,,,,,working and middle class (half and half),1-2,,industrial,,,,yes,yes,,Naomi,half black,Yes,,,,
Hamasaki,Hamasaki,1,Japanese,Nagoya area,home,NA,26 and 3 days,43,no,,,1,0,1,0,NA,32,32,NA,NA,Na,,NA,NA,NA,NA,NA,NA,NA,NA,NA,NA,CS,,yes,,,NA,NA
Hammelrath,Hammelrath,258,French,France,nursery school,NA,54/61,NA,NA,,,NA,NA,NA,NA,NA,NA,NA,NA,NA,NA,NA,NA,NA,NA,NA,NA,NA,NA,NA,NA,NA,clara,no paper,no,picture description,Task-oriented,NA,NA
Hayashi,Hayashi,1,English/Japanese/Danish,Denemark,home,at home with mother,11,38,,,,0,0,0,0,nuclear,,,60,,,,educated middle class,2,"the father had an university education, the mother college education ",,,,,,,,lara,,Yes,,,,
Hess,Hess,,,,,,,,,,,,,,,,,,,,,,,,,,,,,,,,clara,,no,narrative,Task-oriented,,
Higginson,Higginson,3,English,"USA, Iowa",home,,,,no,,no,0,0,0,0,nuclear,,,,,undergrand to graduate students,4,,,undergrand to graduate students,,,,,,,,,,Yes,,,,
HKU,HKU,70,Cantonese,China,preschool,NA,30,66,NA,,,NA,NA,NA,NA,NA,1,NA,20,NA,NA,NA,middle-class,middle-class,NA,NA,NA,NA,NA,NA,NA,NA,clara,paper not accessible,No,elicitation task,Task-oriented,NA,NA
Howe,Howe,16,English,"Cambridge, UK",home,home,19,24,no,yes,no,11,7,1.8,1.2,nuclear,2,all 2,40,all c.40,mixed,diverse,middle-class & working class,1-2,"professional, managerial, skilled or semiskilled manual ocupations",mainly urban,mainly urban,?,?,too young,yes,millions,clara,,Yes,,,too young,yes
HSLLD,HSLLD,,English,,,,,,,,,,,,,,,,,,,,,,,,,,,,,,,,No,contains elicitation,Task-oriented,,
Hunkeler,Hunkeler,2,French,France,NA,NA,18,30,NA,,,2,NA,1,NA,NA,NA,NA,NA,NA,NA,,NA,NA,researcher,NA,NA,NA,NA,NA,NA,NA,clara,paper not accessible ; not much data on childes page ; for twins do we still consider one of them as the oldest? ,Yes,,,NA,NA
Inkelas,Inkelas,,English,,,,,,,,,,,,,,,,,,,,,,,,,,,,,,,,No,diary,Diary,,
Ionin,Ionin,22,English/Russian,"USA, Michigan (Ann Arbor, Southfield, Flint)",home (or other informal setting),NA,28,149,yes,no,yes in some cases,18,9,1,1,both nuclear and extanded,NA,1 or 2,NA,NA,NA,,NA,NA,NA,urban,urban,NA,NA,yes,yes,NA,lara,"I only found one paper out of 3, and it didn't really have a methods section",yes,,,yes,yes
Ishii,Ishii,1,Japanese (Kyoto dialect),"Kusatsu City, Shiga Pref",home,NA,8,44,no,,,1,1,2,2,NA,25,25,60 (but divided into 15 min files),60,NA,,NA,NA,father: researcher,NA,NA,NA,NA,NA,NA,NA,CS,,yes,,,NA,NA
JacksonThal,JacksonThal,,,,,,,,,,,,,,,,,,,,,,,,,,,,,,,,clara,,no,lab environement,In lab/school,,
Jakarta,Jakarta,8,Indonesian,Indonesia,home,NA,29,72,yes,,,NA,NA,NA,NA,NA,NA,NA,NA,NA,NA,,lower/middle/upper middle,1-2,NA,NA,NA,NA,NA,NA,NA,NA,clara,some children speak another language at home ; paper not ccessible,yes,,,NA,NA
Jiwon,Jiwon,1,Korean,South Korea,NA,NA,24 and 13 days,27 and 9 days,NA,,,NA,NA,NA,NA,NA,NA,NA,NA,NA,NA,,NA,NA,NA,NA,NA,NA,NA,NA,NA,NA,clara,"no paper, no info in childes page",yes,,,NA,NA
Jordina,Jordina,1,Catalan (and the variant of Spanish spoken in Barcelona),Barcelona,home,"Home playing with her sister and other family, nursery, and socializing with her parents’ friends and relatives",19,25,yes,yes,yes,1,1,2,2,"Nuclear family with a strong bond and contact with her grandparents, uncles, aunts and cousins.",NA,NA,NA,NA,Both parents hold a BA,4,Upper middle-class,2,"Economist (father), doctor (mother)",Mediterranean city of 1.6 million inhabitants,Mediterranean city of 1.6 million inhabitants,NA,NA,yes,yes,NA,CS,"unable to match corpus girl with publications provided; presumably videorecordings/ The authors of the corpus would appreciate being notified and receiving a copy, or a summary, of any work using the data of the corpus.",yes,,,yes,yes
Julia,Julia,1,Catalan,Barcelona,home,Home playing with father and mother,21,30,yes,yes,yes,0,NA,NA,NA,nuclear,17,NA,40 min,20-50,Both parents university studies,4,NA,NA,mother and father: researchers,NA,NA,NA,NA,yes,yes,8k,cs,video-recordings,yes,,,yes,yes
Kapanen,Kapanen,1,Estonian,Estonia,home,NA,15,27,NA,,,1,1,1,1,NA,13,13,59,35-73,NA,,NA,NA,NA,NA,NA,NA,NA,NA,NA,NA,clara,no paper,yes,,,NA,NA
Kari,Kari,1,Icelandic,Iceland,home,NA,24,72,NA,,,NA,NA,NA,NA,NA,33,33,NA,NA,NA,,NA,NA,NA,NA,NA,NA,NA,NA,NA,NA,clara,"paper talks about narrative tasks and experiments, altho it seems the coprus on childes is only the longitudinal one",yes,,,NA,NA
KellyQuigley,KellyQuigley,46,Irish/Hiberno English,"Dublin, Ireland",University lab,Home/daycare,37.89,37.89,No,No,No,NA,NA,NA,NA,Nuclear,1,1,,5-15,High School (4.35%)/University Education (95.65),High School (4.35%)/University Education (95.65),Mid-upper middle class,Mid-upper middle class,NA,Industrial ,,NA,NA,Yes,Yes,Millions,clara,,no,lab environment,In lab/school,,
Kern-French,Kern-French,4,French,France,home,Home,8,25,no,no,,1,1,NA,NA,nuclear,32,32,60,NA,NA,NA,upper to middle class,upper to middle class,NA,NA,NA,NA,NA,NA,NA,NA,clara,browsable transcripts show only child speech,no,only child speech,Only one transcribed,NA,NA
Kern-Romanian,Kern-Romanian,4,Romanian,"Bucharest, Romania",home,Home,7,21,no,no,,NA,NA,NA,NA,nuclear,25.75,10-34,60,NA,NA,,NA,NA,NA,NA,NA,NA,NA,NA,NA,NA,clara,,yes,,,NA,NA
KernArabic,KernArabic,4,Tunisian Arabic,Tunisia,home,Home ,8,25,no,yres (Tnisian-French,yes,NA,NA,NA,NA,NA,NA,NA,45,NA,NA,NA,middle to upper class,middle to upper class,NA,NA,NA,NA,NA,NA,NA,NA,clara,,no,only child speech,Only one transcribed,NA,NA
Klammler,Klammler,1,Italian/German,"Naples, Italy",home,home,20,25,yes (German-Italian),NA,"yes (mother: German, father: Italian)",0,NA,NA,NA,nuclear,10,NA,20 min,NA,university education,4-5,middle class,2,teacher,NA,NA,NA,NA,NA,NA,NA,cs,"audiorecordings, no paper mentioned, description shared with bilingual corpus",yes,,,NA,NA
Ko,Ko,35,Korean,"Seoul, South Korea",mock apartment lab,NA,9/14/27,NA,NA,,,NA,NA,NA,NA,NA,1,1,50,NA,high school degree/college degree/advanced degre,2-5,NA,NA,NA,NA,NA,NA,NA,NA,NA,NA,clara,"recorded in mock apartment (foyer, living room, deroom, kitchen) ; there is 10min of elicited adult-directed speech ",Yes,(adult elicited speech + mock apartment lab?),,NA,NA
Kohler,Kohler,8,Estonian,"Tartu, Estonia",home,NA,18,24,NA,,,NA,NA,NA,NA,NA,7.625,3-10,30,20-40,NA,,NA,NA,NA,NA,NA,NA,NA,NA,NA,NA,clara,paper in german,yes,,,NA,NA
Koine,Koine,66,Spanish/Galician, Santiago/A Estrada/Lugo,kindergarten,"Kindergarten, with peers and preschool teachers",18,53, yes (blingualism Galician-Spanish), yes (bilingualism Galician-Spanish),,NA,NA,NA,NA,NA,2.5,14-47,15-20,5-30,NA,,varied,1-2,NA,NA,NA,NA,NA,yes,NA,NA,clara,,yes,,,yes,NA
Korgesaar,Korgesaar,12,Estonian,Estonia,home,home,,,no,no,no,NA,NA,NA,NA,NA,3.8,1-21,NA,NA,diverse,diverse,diverse,1-2,diverse,"modern city families, usually both working parents",NA,"1,66",NA,yes,yes,less than a million,clara,no paper,yes,,,NA,NA
Korman,Korman,,,,,,,,,,,,,,,,,,,,,,,,,,,,,,,,clara,no paper,no,only adult speech,Only one transcribed,,
Koroschetz,Koroschetz,1,Italian/German,Austria,NA,NA,33,35,NA,,,NA,NA,NA,NA,NA,NA,NA,NA,NA,NA,,NA,NA,NA,NA,NA,NA,NA,NA,NA,NA,lara,"No info, no paper linked",Yes,,,NA,NA
Kovacevic,Kovacevic,3,Croatian,Croatia,home,NA,15,35,NA,,,1,0,1,0,NA,NA,NA,45,NA,NA,,middle class,2,university teacher ; engineer ; assistant professor ; actor ; teacher ; electro engineer ,NA,NA,NA,NA,NA,NA,NA,clara,paper not accessible,yes,,,NA,NA
Krupa,Krupa,1,Polish/English,"NY, Buffalo",home or house of other chidlren,elementary school,74,96,,,,0 but playmates (cf comment),,,,,,,,,university education (mother),university education (mother),NA,NA,NA,,,,,,,,lara,"Playmates are mentionned and each is described (age, parental profession etc)",no,,In lab/school,,
Kuczaj,Kuczaj,,English,USA,,,,,,,,,,,,,,,,,,,,,,,,,,,,,,,no,diary,Diary,,
Kuett,Kuett,7,Estonian,"Tartu, Estonia ; Rapla, Estonia",NA,NA,78,78,NA,,,7,0,1,0,NA,1,1,NA,NA,4 mothers w/ higher education and 4 w/ secondary education,2-4,NA,NA,NA,NA,NA,NA,NA,NA,NA,NA,clara,no paper,yes,,,NA,NA
Kuwaiti,Kuwaiti,70,Kuwaiti Arabic,Kuwait,home or quiet room in kid center,"home with parents, nursery, home with babysitter",16,43,yes,bilingual (Arabic/English),bilingual (Arabic/English),NA,NA,NA,NA,extended/nuclear,1,1,30,30,Variable,diverse,varied,1-2,Variable,urban,urban,NA,NA,yes,yes,millions ,clara,,yes,,,yes,yes
LabLing,LabLing,5 ; 50,Bulgarian,"Varna, Bulgaria; Shumen, Bulgaria",5- home; 50- kindergarten,"home, kindergarten until 4 p.m., park",30 months,35 months,no,no,no,NA,NA,NA,NA,nuclear,3.36,1-76,10.58,10-60,secondary or higher university education,secondary or higher university education, varied, varied,"varied (teacher, university professor, economist, engineer, craftsman, trade and sales...)",urban,urban,NA,NA,yes,yes,millions ,clara,no papers ; info filled in this doc for longitudinal,No,narrative,Task-oriented,yes,yes
Lacerda,Lacerda,3,Swedish,"Stockholm, Sweden",NA,NA,12,31,NA,,,NA,NA,NA,NA,NA,6,6,NA,NA,NA,,NA,NA,NA,NA,NA,NA,NA,NA,NA,NA,clara,no paper ,yes,,,NA,NA
Lahrouchi,Lahrouchi,2,Berber,Morocco,home,NA,8 and 16 days,23,NA,,,NA,NA,NA,NA,NA,28.5,26-31,60,60,NA,NA,NA,NA,NA,NA,NA,NA,NA,NA,NA,NA,clara,,no,only child speech,Only one transcribed,NA,NA
Lara,Lara,1,English,"Nottingham, England",home,"nursery, playgroup",21 and 13 days,39 and 25 days,no,,,1,0,1,0,NA,121,NA,NA,NA,university education,university education,NA,NA,NA,NA,NA,NA,NA,NA,NA,NA,clara,,No,audio rec + diary,Diary,NA,NA
LeeWongLeung,LeeWongLeung,8,Cantonese,China,NA,NA,24,36,NA,,,4,3,"1,25",1.3,NA,21,16-27,NA,NA,NA,,working class,1,"varied (mass transport company, piano teacher, technician in electronic company, housewife, census & survey officer, secondary school teacher…)",NA,NA,NA,NA,NA,NA,NA,clara,paper not accessible ; number of files does not correspond to number of transcripts ; parents professions available on the childes page,yes,,,NA,NA
Leo,Leo,1,German,"Leipzig, Germany",home,"home, kindergarten after 3",23 and 13 days,60,NA,,,1,0,1,0,nuclear,483,NA,60,60,higher education,4-5,upper middle class,2,academic ; book seller,industrial,industrial,NA,NA,yes,yes,100000000,clara,password needed to browse transcripts ,yes,some diary notes?,,yes,yes
Leo,Leo,1,English/Mandarin/Cantonese,Hong-Kong,home,"home, playgroups & nursery school",18,35,yes,yes,yes,0,0,0,0,extended,54,54,30,30,both PhD,5,middle-class,2,academic; finance,NA,NA,NA,NA,NA,NA,NA,clara,length of session is in each transcript ; paper not available,yes,,,NA,NA
Leveillé,Leveillé,1,French,France,home,nursery school ; home with babysitter ,25,39,NA,,,0,0,0,0,NA,33,33,60,NA,university education,4-5,NA,NA,academics,NA,NA,NA,NA,NA,NA,NA,clara,,yes,,,NA,NA
Levy,Levy,11,Hebrew,Israel,home,"nursery, home",32,36,No,Yes,?,NA,NA,NA,NA,Nucear,7,2-29,NA,NA,NA,,Middle class,2,NA,Orthodox Jews,Orthodox Jews,High,Short,yes,yes,9 millions,clara,no paper,yes,,,yes,yes
Linaza,Linaza,4,Spanish Spain,Spain,Home,Home,24,48,yes,no,no,2,1,1,0,Nuclear,25,25,NA,NA,both Ph.D,5,middle class,2,researcher,industrial city (3.000.000 inhabitants,industrial city (3.000.000 inhabitants,"3,84",NA,yes,yes,580 millions,clara,paper not accessible,yes,,,yes,yes
LiReading,LiReading,214,Mandarin,China,home,,NA,NA,,,,NA,NA,NA,NA,,NA,NA,NA,NA,,,,,,,,,,,,,clara,no paper,no,narrative,Task-oriented,,
LiZhou,LiZhou,80,Mandarin,China,kindergarten's activity room,NA,54,NA,NA,,,NA,NA,NA,NA,NA,NA,NA,NA,NA,college education or higher,4-5,NA,NA,NA,NA,NA,NA,NA,NA,NA,NA,clara,"paper not accessible ; children aged 3, 4, 5 & 6 y.o",yes,,,NA,NA
LlinasOjea,LlinasOjea,2,Spanish & Spanish/English,Spain,NA,NA,16 and 5 days,35,yes,,,NA,NA,NA,NA,NA,36.5,24-49,NA,NA,NA,,NA,NA,NA,NA,NA,NA,NA,NA,NA,NA,clara,one child is bilingual ; paper not accessible,yes,,,NA,NA
LlinasOjea (IRENE),LlinasOjea (IRENE),1,Spanish,"Gijón, Spain",home,"Home, playing with other children in the nearby playground",11,38,no,,,0,0,0,0,Nuclear but with strong bonds to extended family and not attending preschool,49,NA,30,NA,both PhD,5,Upper middle-class,2,Mother: Associate Professor; Father: High-school teacher,"Industrial city (population: around 272,000 inhabitants)","Industrial city (population: around 272,000 inhabitants)",NA,NA,yes,yes,500000,clara,,yes,,,yes,yes
Lund,Lund,5,Swedish,Sweden,home,NA,15,NA,NA,,,2,NA,2,NA,NA,NA,NA,NA,NA,NA,,middle-class,2,NA,NA,NA,NA,NA,NA,NA,NA,clara,paper not accessible ; password needed to browse transcripts ; missing 3 children ages at end of recordings ,yes,,,NA,NA
Luque,Luque,38,Basque,"Bizkaia, Autonomous Community of the Basque Country, Spain",school,NA,30,42,yes,,,NA,NA,NA,NA,NA,NA,NA,20,20,NA,,NA,NA,NA,NA,NA,NA,NA,yes,NA,NA,clara,"papers not accessible or in Basque ; difficult to say number of session per kid because it’s a whole classroom recorded w/ not all the kids at each session + individual sessions per kid, could be done if deeper work on the transcripts (counting etc.",yes,,,yes,NA
MacBates1,MacBates1,120,English/Italian/Hungarian,,,,,,,,,,,,,,,,,,,,,,,,,,,,,,clara,,no,picture description,Task-oriented,,
MacBates2,MacBates2,120,English/Hungarian,,,,,,,,,,,,,,,,,,,,,,,,,,,,,,clara,,no,movie description,Task-oriented,,
MacWhinney,MacWhinney,,English,,,,,,,,,,,,,,,,,,,,,,,,,,,,,,,,No,diary,Diary,,
MacWhinney,MacWhinney,6,Hungarian,Hungary,nursery school,NA,29,34,NA,,,NA,NA,NA,NA,NA,9.6,3-22,NA,NA,NA,,middle-class,2,NA,NA,NA,NA,NA,NA,NA,NA,clara,,yes,,,NA,NA
MAIN,MAIN,,,,,,,,,,,,,,,,,,,,,,,,,,,,,,,,,,no,narrative,Task-oriented,,
MAIN,MAIN,,Croatian,,,,,,,,,,,,,,,,,,,,,,,,,,,,,,clara,same CHILDES page as Croatian MAIN,no,narrative,Task-oriented,,
Manchester,Manchester,12,English,"Nottingham/Manchester, England",home,NA,23,34,no,yes (but minimal),no,0,0,0,0,nuclear,"34,6",32-40,60,0 (all were 60 minutes),Mostly university educated,4-5,middle-class,2,various,industrial,industrial,1.73 births per woman (UK in 1996),NA,yes,yes,59 million (based on 2011 census),clara,,yes,,,yes,yes
Manuela,Manuela,6,German,Germany,lab ,NA,NA,NA,NA,,,NA,NA,NA,NA,NA,1.1,1-2,NA,NA,NA,NA,NA,NA,NA,NA,NA,NA,NA,NA,NA,NA,clara,"paper is a book, not accessible",no,lab environment,In lab/school,NA,NA
Marrero,Marrero,6,Spanish,"Madrid, Spain ; Tenerife, Canary Islands",home,"home, nursery",20,96,no,,,NA,NA,NA,NA,NA,6,3-6,NA,NA,university education,4-5,middle-class,2,NA,NA,NA,NA,NA,NA,NA,NA,clara,,yes,,,NA,NA
McCune,McCune,,English,,,,,,,,,,,,,,,,,,,,,,,,,,,,,,,,No,fixed toys,Task-oriented,,
MCF,MCF,3,Portuguese/Swedish/English,Sweden ; Portugal,home,kindergarten,1,67,yes,,,3,2,2,0.6,nuclear,"10,6",7-16,NA,NA,NA,,upper middle-class,2,mother : researcher & trained phonetician,NA,NA,NA,NA,yes,NA,NA,clara,some information were gathered as a diary,yes,,,yes,NA
McMillan,McMillan,,English,USA,home,,,,,,,at least 1 (triplet),,,,,,,,,,,,,,industrial,,,,,,,Naomi,,Yes,,,,
MDT,MDT,240,"English, Japanese & Turkish",,,,,,,,,,,,,,,,,,,,,,,,,,,,,,clara,,no,movie description through gesture,Task-oriented,,
Menn,Menn,1,"American English (Middle Atlantic mother, Texas father)",Cambridge MA,Home plus a few sessions in a sound-treated room,"home, babysitter's home",12.5,20.3,"No; a few words of Yiddish and Spanish interjected, less than once per session.",Minimal,"Parents are linguists; fluent in Spanish, do field work on Turkish, Mayan languages, possibly more.",0,0,0,0,nuclear,"about 100 (96 at least one hour, plus some shorter ones)",n/a,100,8 - 198,both Ph.D. in linguistics,5,middle-class,2,linguistics instructors at Harvard,Northeastern US urban,Northeastern US urban,NA,NA,yes,yes,330 million for American English,,,Yes,,,yes,yes
Miipro,Miipro,4,Japanese,Tokyo area,home,"home, kindergarten",14,60,no,no,no,3,0,1,0,varied,37.5,18-58,70,NA,NA,,middle-class,2,NA,urban,urban,NA,NA,yes,yes,130 million for Japanese,CS,,yes,,,yes,yes
Miller,Miller,2,German,Germany,"home, playground, parks, department stores, street, friends' houses ",NA,18,44,NA,,,1,0,1,0,NA,NA,NA,"varied (1h at early stage of dev, then 6h)",NA,higher education ; occupational school,3-5,middle-class ; low-class,1-2,teaching and research assistant ; school teacher / construction fitter ; clerk ,NA,NA,NA,NA,NA,NA,NA,clara,,yes,,,NA,NA
MireiaEvaPascual,MireiaEvaPascual,3,Catalan,Barcelona,home,NA,20,32,yes,,,,,2,1,nuclear,29,14-38,NA,NA,yes,5,NA,NA,mother: researcher,NA,NA,NA,NA,NA,NA,NA,cs,video-recordings,yes,,,NA,NA
Miyata,Miyata,3,Japanese,Nagoya,home,"home, kindergarten",16,36,no,no,no,2,1,0.66,"0,3",nuclear,71.3,56-83,40,11-60,university education,4-5,middle-class,2,NA,urban,urban,NA,NA,yes,yes,130 million for Japanese,cs,some publication indentical to the Miipro corpus,yes,,,yes,yes
Montes,Montes,1,Spanish,"Patzcuaro, Michoacan, iMexico",home,NA,19 and 20 days,35 and 14 days,NA,,,1,0,1,0,NA,13,13,30.7,10-45,university education,4-5,middle-class,2,linguists researchers,NA,NA,NA,NA,NA,NA,NA,clara,,yes,,,NA,NA
Morisset,Morisset,,English,"Seattle, Topeka, and UCLA.",,,,,,,,,,,,,,,,,,,wellfare families,1,,,,,,,,,,,Yes,,,,
MPI-EVA-Manchester,MPI-EVA-Manchester,4,English,England,home or lab,NA,30,47,NA,,,NA,NA,NA,NA,NA,178,118-216,60,NA,NA,NA,NA,NA,NA,NA,NA,NA,NA,NA,NA,NA,clara,only 2 of the 4 children's transcriptions are available,No,lab environment,In lab/school,NA,NA
Naama,Naama,1,Hebrew,"Herzliya, Israel",home,NA,19 and 8 days,30 and 4 days,no,,,1,0,NA,0,nuclear,17,17,45,NA,well-educated,4-5,middle-class,2,NA,NA,NA,NA,NA,NA,NA,NA,clara,no paper,yes,,,NA,NA
Nadig,Nadig,38,"English, Quebec French","Montreal, Canada",home or lab,NA,46.22,NA (children were recorded once),no,yes,participants were included as En or Fr when their language exposure across settings consisted of 75% or more of the respective language by parent report,NA,NA,NA,NA,NA,1,1,"all transcripts were derived from exactly 9 minutes (of an approximately 10 min session) except for four dyads (ASD n = 2
and TYP n = 2, range = 4.80 to 8.5 min)",4.8 - 9 min,below university (n = 16); university (n = 16); above university (n = 6),below university (n = 16); university (n = 16); above university (n = 6),"mostly middle to upper class, but some lower-class [based on maternal ed]","mostly middle to upper class, but some lower-class [based on maternal ed]",NA,urban,,NA,NA,yes,yes,"millions for English, millions for Quebec French (according to Wikipedia for the province of Quebec there are over 6 million French speakers)",,,No,ASD,Clinical,,
Narasimhan,Narasimhan,1,Tamil,"Bombay, India",NA,NA,9,33,NA,,,NA,NA,NA,NA,NA,25,25,NA,NA,NA,,NA,NA,NA,NA,NA,NA,NA,NA,NA,NA,clara,no paper,yes,,,NA,NA
Narrative ,Narrative ,,English,,,,,,,,,,,,,,,,,,,,,,,,,,,,,,,,no,narrative ,Task-oriented,,
Navracsics,Navracsics,2,Hungarian/Farsi/English,"Veszprém, Hungary",home,"home, playground, nursery",38,70,yes,yes,yes,2,1,1,0.5,nuclear,30,30,42.7,10-120,university degree,4,middle-class,2,"mother: sociologist, father: psychologist",urban,urban,NA,NA,yes,yes,"millions for English, 10 million for Hungarian, millions for Farsi",clara,,yes,,,yes,yes
Nelson,Nelson,,English,,,,,,,,,,,,,,,,,,,,,,,,,,,,,,,,No,only the child,Only one transcribed,,
New England ,New England ,,English,,,,,,,,,,,,,,,,,,,,,, ,,,,,,,,,,no,lab environment,In lab/school,,
NewmanRatner,NewmanRatner,,English,DC Metro area USA,University Lab,,7 months,24 months,No,yes,no,unknown,-,-,-,primarily nuclear,4 - 5,4 - 5,20,,primarily some college to BA,primarily some college to BA,primarily middle.class,primarily middle.class,varied,urban/suburban,,NA,NA,yes,yes,millions for English,,,No,lab,In lab/school,,
Nicholas-TD,Nicholas-TD,,English,,,,,,,,,,,,,,,,,,,,,,,,,,,,,,,,No,structured,Task-oriented,,
Nieva,Nieva,1,Spanish,"Madrid, Spain ",home,"home, outside",20,27,no,,,0,0,0,0,nuclear,13,13,43,16.49-60.03,higher education college degrees,4-5,middle-class,2,"mother:secretary, father: administration",urban,work for pay,NA,NA,yes,yes,NA,clara,no paper,yes,,,yes,yes
NINJAL-Okubo,NINJAL-Okubo,1,Japanese,Tokyo,home,home,12,48,no,no,no,1,0,0,0,nuclear,70,70,NA,NA,higher education college degrees,4-5,middle-class,2,NA,urban,urban,NA,NA,yes,yes,130 million for Japanese,cs,reference in japanese,yes,,,yes,yes
Noji,Noji,,Japanese,Hiroshima,"home, mainly","home, outside",0,60,no,no,no,1,0,1,1,nuclear,141,141,NA (diary notes),NA,higher education college degrees,higher education college degrees,middle-class,middle-class,"mother NA, father: university lecturer",urban,urban,,,yes,yes,130 million for Japanese,,,no,diary,Diary,yes,yes
NSCtoys,NSCtoys,,"English, Mandarin Chinese",Singapore,nursery and kindergarten,"nursery, kindergarten",,,yes,yes,mixed,,,,,"nuclear, extended",,,,,mixed,mixed,middle to upper middle-class,middle to upper middle-class,mixed,urban,urban,NA,NA,yes,yes,millions for English and Mandarin Chinese,clara,,no,not yet open to public,Not available,yes,yes
Nuffield,Nuffield,76,English,England,home,NA,11,11,no,,,NA,NA,NA,NA,NA,1,NA,30,NA,NA,NA,varied,varied,NA,NA,NA,NA,NA,NA,NA,NA,clara,,No,only child speech,Only one transcribed,NA,NA
Ogawa,Ogawa,,Japanese,Japan,"home, mainly","home, kindergarten",5,NA (now recording the second child's utterances),no,no,no,2,1,1,1,nuclear,,,NA (diary notes),NA,higher education college degrees,higher education college degrees,upper middle-class,upper middle-class,university lecturer,urban,urban,NA,NA,yes,yes,130 million for Japanese,,,no,diary,Diary,yes,yes
Okayama,Okayama,130,Japanese,Osaka area,home,NA,26,49,no,no,no,NA,NA,NA,NA,NA,1,1,NA,NA,NA,,NA,NA,NA,NA,NA,NA,Na,yes,yes,130 million for Japanese,cs,,yes,,,yes,yes
OreaPine,OreaPine,2,Spanish,"Madrid, Spain",home,NA,24,30,no,no,no,0,0,0,0,nuclear,69,66-72,30,20-40,higher degrees,4-5,middle-class,2,NA,NA,NA,NA,NA,NA,NA,NA,clara,,yes,,,NA,NA
Ornat,Ornat,1,Spanish,"Madrid, Spain",home,"home, nursery",19,48,no,,,0,0,0,0,nuclear,30,30,30,30,university,4-5,middle-class,2,clinical psychology,industrial,industrial,1-2,NA,yes,yes,"450,000 in world",clara,,yes,,,yes,yes
Ota,Ota,3,Japanese,Washington DC,home,"home, nursery",12,24,no,no,no,1,1,0.33,0.3,nuclear,21,15-26,68.5,60-90,university,4-5,middle-class,2,"father1:banker, mother1:home maker, father2:journalist, mother2:home maker, father3:trading, mother3:home maker",industrial,industrial,NA,NA,yes,yes,130 million for Japanese,cs,only children's tier,yes,,,yes,yes
PaidoCantonese,PaidoCantonese,80,Cantonese,Hong Kong,,,42,NA,,,,NA,NA,NA,NA,,,,,,,,,,,,,,,,,,clara,"2, 3, 4 & 5-y.o",no,"not naturalistic, elicitation",Task-oriented,,
PaidoGreek,PaidoGreek,80,Greek,Greece,,,,,,,,,,,,,,,,,,,,,,,,,,,,,clara,,no,not naturalistic,Task-oriented,,
PaidoJapanese,PaidoJapanese,85,Japanese,Japan,,,,,,,,,,,,,,,,,,,,,,,,,,,,,,,no,not naturalistic,Task-oriented,,
Paidologos-English ,Paidologos-English ,,English,"Columbus, OH",,,,,,,,,,,,,,,,,,,,,,,,,,,,,,,No,elicited,Task-oriented,,
PAIDUS Spanish,PAIDUS Spanish,4,Spanish,"Madrid, Spain",home,NA,9,25,no,,,1,1,0.25,0.25,NA,NA,NA,NA,NA,NA,,middle-class,2,NA,NA,NA,NA,NA,NA,NA,NA,clara,,yes,,,NA,NA
PAIDUS-German,PAIDUS-German,5,German,"Hamburg, Germany",home,NA,12,39,NA,,,NA,NA,NA,NA,NA,NA,NA,NA,NA,NA,,NA,NA,NA,NA,NA,NA,NA,NA,NA,NA,clara,transcripts only available through special arrangements ,yes,,,NA,NA
Palasis,Palasis,22,French,France,classroom,NA,38,61,no,NA,1 Portuguese-French; 1 Russian-French,14,12,1.3,NA,NA,13.5,7-19,25,NA,NA,,NA,NA,NA,NA,NA,NA,NA,yes,yes,NA,clara,"project on 3 years divided in 3 corpus, 1 corpus per year ",yes,,,yes,yes
Paradis,Paradis,25,English-Various,"Edmonton, Canada",home,NA,66,NA,yes,,,NA,NA,NA,NA,NA,5,NA,45,NA,NA,NA,NA,NA,NA,NA,NA,NA,NA,NA,NA,NA,clara,"""24 minority-language children""",no,elicitation task,Task-oriented,NA,NA
Parent-Child ,Parent-Child ,,English,Pittsburgh PA,laboratory,,,,,,,,,,,,,,,,,,,,,,,NA,NA,No,Yes,NA,,,no,clinical ,Clinical,,
Paris,Paris,7,French,France,home,NA,13,56,no,,,3,2,0.75,0.75,nuclear,NA,NA,57.5,45-60,higher degrees,4-5,upper middle-class,2,varied,NA,NA,N,NA,yes,yes,NA,clara,,yes,,,yes,yes
Pauline,Pauline,1,French,France,home,NA,14,30,no,,,1,1,3,3,NA,33,NA,45,29-67,NA,,middle-class,2,NA,NA,NA,NA,NA,NA,NA,NA,clara,,yes,,,NA,NA
Perez,Perez,6,English/Spanish,"Michigan, USA",home,"home, nursery, playing outdoors",25,37,yes,no,yes,1,1,1,1,nuclear,8.6,2-21,90,NA,higher degrees,4-5,middle-class,2,university lecturers,academic,academic,NA,NA,yes,yes,NA,clara,paper not accessible,yes,,,yes,yes
Peters/Wilson,Peters/Wilson,1,English,"Honolulu, HI",home,"home, Easter Seal School for kids with special needs",15 and 27 days,45 and 11 days,no,yes,no,NA,NA,NA,0,nuclear,222,222,variable,variable,higher degrees,4-5,middle-class,2,"construction manager, university lecturer, working linguist",academic,academic,NA,NA,yes,yes,millions,,,Yes,,,yes,yes
PhonBLA,PhonBLA,9,German/Spanish,Germany,home,NA,13,58 (german span) | 62 (spanish span),yes,,,NA,NA,NA,NA,NA,NA,NA,NA,NA,NA,,NA,NA,NA,NA,NA,NA,NA,NA,NA,NA,clara,transcripts not available,yes,,,NA,NA
Plunkett,Plunkett,2,Danish,Denmark,home,nursery school,9 and 5 days,72,NA,,,1,1,1,1,NA,,,90,NA,university education,4-5,NA,NA,worker,NA,NA,NA,NA,NA,NA,NA,clara,,yes,,,NA,NA
POLER controls,POLER controls,25,English,"DC, USA",Hospital Lab,NA,~ 9 years,same (1 session),no,yes,unknown,NA,NA,NA,NA,NA,1,1,15,7-20,varied,varied,"varied, not fully available","varied, not fully available",varied,urban,,NA,NA,yes,yes,,,,No,frog story,Task-oriented,,
Post,Post,,English,"Suwannee County, Florida, USA",home,,,,,,,,,,,,,,,,,,this is a working class community,1,,rural,,,,,,,,,Yes,,,,
ProjectS,ProjectS,1,English/Italian/Scottish/Gaelic,UK,lab & home,NA,27,57,yes,,,1,0,1,0,NA,60,NA,45,30-60,NA,NA,upper middle-class,upper middle-class,university lecturers,NA,NA,NA,NA,NA,NA,NA,clara,,no,lab environment,In lab/school,NA,NA
Protassova,Protassova,1,Russian,"Moscow, Russia; recordings were made in the apartment, in the yard, in the summer cottage",home,"grandparents ; family with 1 child (later, a second child was born) & a dog of grandparents",18 and 5 days,34 and 14 days,no,no,no,0,0,0,0,"extended, two grandparents, parents and the child",8,8,90,90,university,4-5,middle class,2,book illustrator ; psycholinguist ,capital city of the Soviet Union,capital city of the Soviet Union,"in the USSR, 2,4 per woman, less in Moscow",NA,yes,yes,140 as L1 + 120 as L2,clara,no paper ,yes,,,yes,yes
Providence ,Providence ,6,English,Southern New England,home,"home, preschool",24,36,no,,,2,2,1,0,nuclear,,,60,60-90,some higher-level education,3-4,"middle, upper middle",2,various,urban,urban,NA,NA,yes,yes,NA,,,Yes,,,yes,yes
QuigleyMcNally,QuigleyMcNally,37,English,"Dublin, Ireland",Participant Home,"Home, Daycare",LR 3.74 months; HR 6.66 months,LR 17.63 months; HR 17.96 months,NO,No,No,19,19,NA,NA,"Nuclear - Cohabiting, biological parents & children",LR 10.88; HR 10.5,LR 10-11; HR 8-13,5 minutes,5 minutes,High school -University education ,High school -University education ,Low-mid SES,Low-mid SES,Various; LR 4/9 and 6/10 HR mother working in home,Urban,,NA,NA,Yes,Yes,Millions,clara,,No,some not TD,Clinical,,
Ravid,Ravid,1,Hebrew,"Yahud, Israel",home,NA,23 and 2 days,83 and 4 days,no,,,1,0,1,0,NA,37,37,NA,NA,well-educated,5,middle-class,2,mother : linguist ,industrial ,industrial ,NA,NA,yes,yes,NA,clara,no paper,yes,,,yes,yes
Reger,Reger,1,Hungarian,Hungary,NA,NA,23,35,NA,,,NA,NA,NA,NA,NA,34,34,NA,NA,NA,,NA,NA,NA,NA,NA,NA,NA,NA,NA,NA,clara,no paper,yes,,,NA,NA
Remedi,Remedi,1,Spanish,"Rio Cuarto, Cordoba, Argentina",home,NA,22 and 29 days,35,no,,,NA,NA,NA,NA,NA,14,14,NA,NA,NA,,middle-class,2,NA,NA,NA,NA,NA,NA,NA,NA,clara,,yes,,,NA,NA
Reyes/Ervin-Tripp,Reyes/Ervin-Tripp,20,English/Spanish,"California, USA",school,NA,128 (fifth graders) | 93 (second graders),128 (fifth graders) | 93 (second graders),yes,,,NA,NA,NA,NA,NA,1,NA,30,NA,NA,,NA,NA,NA,NA,NA,NA,NA,yes,NA,NA,clara,info only in paper,yes,,,yes,NA
Rigol,Rigol,21,German,"Germany, village/city",home,"home, kindergarten, school",9,82,no,no,no,19,NA,NA,NA,NA,130,110-140,30,30,academic training ; vocational training ,3-4,working class to upper middle class,1-2,diverse,"industrial, farmers","industrial, farmers",NA,NA,NA,NA,100000000,clara,no paper ; password needed for browsable transcripts ,yes,,,NA,NA
Ringstad,Ringstad,3,"Norwegian (Children: mostly trøndersk, parents/care-takers: trøndersk, vestnorsk, nordnorsk, austnorsk)",Norway (Trøndelag: Trondheim/Stjørdal),home,NA,21,32,no,no,no,0,0,0,0,NA,NA,NA,NA,NA,"university level for parents of Idun & Ylva, no education for parents of Tuva",diverse,NA,NA,diverse,urban,urban,NA,NA,yes,yes,4.5 million,clara,paper in norwegian,yes,,,yes,yes
Roggero,Roggero,1,Italian/Japanese,Italy,NA,NA,NA,NA,NA,,,NA,NA,NA,NA,NA,33,NA,NA,NA,NA,,NA,NA,NA,NA,NA,NA,NA,NA,NA,NA,clara,"no paper, no information on childes page",Yes,,,NA,NA
Rollins,Rollins,,English,,,,,,,,,,,,,,,,,,,,,,,,,,,,,,,,No,in the lab,In lab/school,,
Roma,Roma,1,Italian,Roma,home,home; nursery,16,48,no,,,1,0,1,0,nuclear,NA,NA,120,120,yes,4-5,middle class,2,mother bioquemist,industrial,industrial,NA,NA,yes,NA,NA,cs,"audiorecordings, problem they mention recordings up to 4yo but only 6 available on childes",yes,,,yes,NA
Romero,Romero,1,Spanish,"Mexico City, Mexico",home,NA,24,NA,no,,,1,1,2,1,NA,NA,NA,NA,NA,NA,,middle-upper-class,2,father : biochemical engineer ; mother : speech and language therapist,NA,NA,NA,NA,yes,NA,NA,clara,paper not accessible,yes,,,yes,NA
Rondal-TD,Rondal-TD,21,English,usa,home,,,,,,,,,,,,,,,,,,,,,,,,,,,,,,Yes,,,,
Ryu,Ryu,3,Korean,Korea,home,home,21,44,no,"only for Jong, other monolinguals","only for Jong, other monolinguals",1,1,0.3,0.3,nuclear,NA,NA,60,30-60,university,4-5,middle-class,2,father1 : doctor of medicine ; mother1 : doctor of language ; father2 : government employee ; mother2 : housewife ; father3 : self employed ; mother3 : self employed,urban,urban,<1.0,2-3,yes,yes,100 millions for Korean,clara,,yes,,,yes,yes
Sachs,Sachs,1,English,"Connecticut, USA",,,,,,,,,,,,,,,,,,,,,,,,,,,,,,,Yes,,,,
Salama,Salama,10,Egyptian Arabic,"Alexandria, Egypt","6 in nursery, 3 at home","home, nursery",31,NA,no,,1,9,8,1,1,"extended, two grandparents, parents and the child",1,NA,30,NA,university,4-5,middle-class,2,NA,city,city,NA,NA,yes,no,NA,clara,,yes,,,yes,no
Samadi,Samadi,3,Farsi,Iran,NA,NA,24,32,NA,,,NA,NA,NA,NA,NA,5.3,2-9,NA,NA,NA,,NA,NA,NA,NA,NA,NA,NA,NA,NA,NA,clara,no paper,Yes,,,NA,NA
Santos,Santos,3,European Portuguese,Portugal,home,"home, nursery",17,36,no,no,no,1,0,0.3333333333,0,nuclear,22.33333333,16-30,NA,45-55,university level / high school,2-4,middle-class,2,teachers; engineer; not known,urban,urban,NA,NA,yes,yes,NA,cs,video recordings but audio only used,yes,,,yes,yes
Sarvasy,Sarvasy,5,Nungon,Papua-New Guinea,home,NA,37,53,NA,,,4,3,NA,NA,NA,NA,NA,60,60,NA,,NA,NA,father : oil palm plantations (Niumen),farmer,farmer,NA,NA,NA,NA,~1000,clara,paper not entirely accessible,yes,,,NA,NA
Sawyer,Sawyer,,English,"Chicago, United States",Preschool,Preschool classroom,48,54,no,,,,,,,,73,73,60,,,,,,,urban,urban,,,yes,yes,millions,,,No,interaction between children in preschool,In lab/school,yes,yes
SCECL,SCECL,8,Serbian,"Belgrade (Serbia), Banja Luka (Bosnia & Herzegovina)",home,home,18,48,no,no,no,6,3,0.75,0.375,nuclear,16,16,82.5,90-120,high school ; university ,2-4,middle-class,2,"different professions: electro mechanic, aircraft mechanic, sales clerk, police oficer, teacher, journalist, lawyer, political scientist ...",industial,industial,NA,NA,yes,yes,12 millions ,clara,paper not accessible ,yes,,,yes,yes
Schaerlaekens,Schaerlaekens,6,Dutch,Netherlands,home,"at home mainly with their mother, father also present",21,33,no,,,6,0,2,0,NA,12.5,12-13,NA,NA,NA,,NA,NA,NA,NA,NA,NA,NA,NA,NA,NA,clara,paper not accessible,yes,,,NA,NA
Seba,Seba,1,Arabic/English,,,,,,,,,,,,,,,,,,,,,,,,,,,,,,clara,,no,frog,Task-oriented,,
Serra,Serra,4,Spanish/Catalan,Spain,home,NA,12,47,yes,,,NA,NA,NA,NA,NA,22.25,18-24,37.5,30-45,NA,,middle-class,2,NA,NA,NA,NA,NA,NA,NA,NA,clara,no paper,yes,,,NA,NA
Serra & Sole,Serra & Sole,9,Catalan,spain,home,NA,12.22222222,44,yes,,,NA,NA,NA,NA,nuclear,18.88888889,7-31,NA,30-45,NA,,middle class,2,NA,NA,NA,NA,NA,NA,NA,NA,cs,no publication - details mixed with information from other corpora (1 spanish child),yes,,,NA,NA
SerraSole,SerraSole,1,Spanish,Spain,home,NA,16,46,no,,,NA,NA,NA,NA,NA,11,11,37.5,30-45,NA,,middle-class,2,NA,NA,NA,NA,NA,NA,NA,NA,clara,no paper,yes,,,NA,NA
Shiro,Shiro,,,,,,,,,,,,,,,,,,,,,,,,,,,,,,,,,,no,narrative,Task-oriented,,
SilvaCorvalan,SilvaCorvalan,8,Spanish/English,USA,school and home,school and home,65,83,yes,yes,some children,8,NA,NA,NA,extended,4,NA,30,NA,NA,NA,lower middle class,lower middle class,NA,industrial,NA,NA,NA,yes,yes,50 million Spanish / 240 million English,clara,paper not accessible,no,narrative,Task-oriented,NA,NA
Singapore,Singapore,55,English/Mandarin,Singapore,school,NA,72,72,yes,,,NA,NA,NA,NA,NA,NA,NA,NA,NA,college degree,4,middle-class,2,NA,NA,NA,NA,NA,yes,NA,NA,clara,,yes,,,yes,NA
Smith,Smith,1,English,England,,,,,,,,,,,,,,,,,,,,,,,,,,,,,clara,,no,diary,Diary,,
Snow,Snow,1,English,"USA, Brookline, MA",,,,,,,,,,,,,,,,,phd,5,middle-high,2,PI,urban,,,,yes,yes,,Naomi,,Yes,,,,
Soderstrom,Soderstrom,2,English,USA,home,,,,,,,2,2,1.5,1.5,,,,,,,,,,,,,,,,,,Naomi,,Yes,,,,
Soto,Soto,8,Basque,"Navarra, Spain",home,NA,40,52,no,,,6,6,0.875,0.875,NA,17.625,3-22,30,30,"fathers : primary education ; technical engineer ; university orientation course / Mothers : primary education, professional vocation",1-3,medium,2,"fathers : industrial operator (x3) ; watchman, plumber ; administrative operator ; vocational trainer ; carrier / Mothers at home",NA,NA,NA,NA,yes,NA,NA,clara,,yes,,,yes,NA
SouthwoodWhite,SouthwoodWhite,51,Afrikaans,"Western Cape and Free State province, South Africa","home,school,daycare","home,school,daycare",,,NA,,,,,,,,,,,,,,,,,,,,,,,,clara,,no,elicitation task,Task-oriented,,
Sprott,Sprott,,English,,,,,,,,,,,,,,,,,,,,,,,,,,,,,,,,No,children interacting in school,In lab/school,,
Stanford-English ,Stanford-English ,,English,,,,,,,,,,,,,,,,,,,,,,,,,,,,,,,,No,only the child,Only one transcribed,,
Stanford-French,Stanford-French,6,French,France,NA,NA,10,16,NA,,,NA,NA,NA,NA,NA,NA,NA,NA,NA,NA,NA,NA,NA,NA,NA,NA,NA,NA,NA,NA,NA,clara,papers behind paywall ,no,only child speech,Only one transcribed,NA,NA
Stanford-Swedish,Stanford-Swedish,5,Swedish,"Stockholm, Sweden",home,NA,9,16,NA,,,NA,NA,NA,NA,NA,3,3,30,NA,well-educated,well-educated,middle-class,middle-class,NA,NA,NA,NA,NA,NA,NA,NA,clara,"paper talks about 10 children, but only 5 on childes page ; browsable transcripts show only child speech ",no,only child speech,Only one transcribed,NA,NA
StanfordJapanese,StanfordJapanese,5,Japanese,San Francisco area,home,NA,11.2,17.8,no,,,NA,0,,0,nuclear,NA,NA,30-minute recordings,NA,NA,,only middle SES ,2,NA,industrial,industrial,NA,NA,NA,NA,NA,cs,only children's tier,yes,,,NA,NA
Stellenbosch,Stellenbosch,2,Afrikaans,South Africa,"home, daycare",NA,18,35,NA,,,1,1,1,1,NA,32,32,NA,NA,NA,,NA,NA,NA,NA,NA,NA,NA,NA,NA,NA,clara,no paper,yes,,,NA,NA
Stephany,Stephany,4,Greek,"Athens, Greece","home, kindergarten","main caretaker by child: mother, mother,Cretan nanny1/ kindergarten teachers/parents/,Grandmother/
mother",22,28,no,NA,no,1,1,0.25,0.25,nuclear,5,2-11,50,40-90,"elementary (2 children), high school (1 child), university degree (1 child)",1-4,lower middle to upper middle,1-2,"one couple merchang, another employees, another theologian, one couple housewife+floor tiler",industrial,industrial,NA,NA,NA,yes,10.5 million,clara,paper not accessible,yes,,,NA,yes
Stuttgart,Stuttgart,8,German,"Stuttgart metro area, Germany",home,"home, nursery, preschool, kindergarten",19,43,NA,NA,NA,8,NA,1.875,NA,NA,16.125,9-28,approx. 30 minutes,20-60,NA,,NA,NA,NA,NA,NA,NA,NA,yes,yes,100 million,clara,paper only talks about 6 of the children,yes,,,yes,yes
Suppes,Suppes,1,English,USA,,,,,,,,,,,,,,,,,,,,,,,,,,,,,,,Yes,,,,
Szagun,Szagun,22,German,Germany,university playroom,NA,16,34,NA,,,NA,NA,NA,NA,NA,10,5 - 22,120,NA,,,NA,NA,NA,NA,NA,NA,NA,NA,NA,NA,clara,other half of the corpus is children with cochlear implants,No,some not TD,Clinical,NA,NA
Szuman,Szuman,10,Polish,Poland,NA,NA,24,63,NA,,,NA,NA,NA,NA,NA,NA,NA,NA,NA,NA,NA,NA,NA,NA,NA,NA,NA,NA,NA,NA,NA,clara,paper not accessible,no,diary,Diary,NA,NA
TAKI,TAKI,8,German,"Stuttgart, Germany",home,NA,19,43,NA,,,8,NA,1.875,NA,NA,16.125,9-28,NA,NA,NA,,NA,NA,NA,NA,NA,NA,NA,NA,NA,NA,clara,page redirects to Stuttgart corpus ; paper only talks about 6 of the children,yes,,,NA,NA
Tanja,Tanja,1,Russian,United States,home,NA,29 and 14 days,35 and 20 days,no,yes,no,0,0,0,0,nuclear,15,15,NA,NA,NA,,NA,NA,"father grad student, mom stayed at home",industrial,industrial,NA,NA,NA,NA,NA,clara,,yes,,,NA,NA
Tardif,Tardif,,English,,,,,,,,,,,,,,,,,,,,,,,,,,,,,,,,No,elicited,Task-oriented,,
TCCM,TCCM,10,Mandarin,Taiwan,NA,NA,NA,NA,NA,,,NA,NA,NA,NA,NA,NA,NA,NA,NA,NA,NA,NA,NA,NA,NA,NA,NA,NA,NA,NA,NA,clara,"no paper, no information on childes page",No,"from browsing, convs are with the investigator",Unfamiliar adult,NA,NA
TCCM-reading,TCCM-reading,20,Mandarin,"Taipei, Taiwan",school,home/school,26,26,NA,NA,NA,NA,NA,NA,NA,NA,1,1,NA,NA,NA,NA,NA,NA,NA,industrial,industrial,NA,NA,yes,yes,NA,,,No,book reading,Task-oriented,yes,yes
Thomas,Thomas,1,English,England,home or lab,NA,24,59,NA,,,NA,NA,NA,NA,NA,379,NA,60,NA,NA,,middle-class,2,NA,NA,NA,NA,NA,NA,NA,NA,clara,,Yes,,,NA,NA
Ticio,Ticio,1,Spanish/English,"Houston, Texas, USA",NA,NA,18,28,yes,,,NA,NA,NA,NA,NA,37,NA,20,NA,NA,,NA,NA,NA,NA,NA,NA,NA,NA,NA,NA,clara,no paper,Yes,,,NA,NA
Tommerdahl,Tommerdahl,,,,,,,,,,,,,,,,,,,,,,,,,,,,,,,,clara,,no,lab environment,In lab/school,,
Tonelli,Tonelli,40,Spanish,Spain,NA,NA,42,138,no,,,NA,NA,NA,NA,NA,NA,NA,60,60,NA,,middle and lower middle class,1-2,NA,NA,NA,NA,NA,NA,NA,NA,clara,no paper,??,I can't find this corpus,Not available,NA,NA
Tonelli,Tonelli,1,Italian,Northest Italy; Udine,NA,NA,17,29,no,,,0,0,0,0,NA,28,28,45,45,NA,,upper middle class,2,NA,NA,NA,NA,NA,NA,NA,NA,cs,probably audio recordings cited papers in Italian; description of only 1 child BUT 3 described in the browser,Yes,,,NA,NA
Tong,Tong,1,"Mandarin Chinese, influenced by the dialects of Jianghuai Mandarin and Cantonese to a minor degree","Shenzhen, China",home,NA,19,40,no,,,0,0,0,0,extended( with grandma),22,NA,60,NA,postgraduate education,5,NA,NA,middle-class professionals,NA,NA,NA,NA,NA,NA,NA,clara,,yes,,,NA,NA
Tsay,Tsay,4,Taiwanese,Taiwan,home,NA,28,45,NA,,,NA,NA,NA,NA,NA,30.78,2-51,50,40-60,NA,,NA,NA,NA,NA,NA,NA,NA,NA,NA,NA,clara,,yes,,,NA,NA
Twins ,Twins ,,English,,,,,,,,,,,,,,,,,,,,,,,,,,,,,,,,no,clinical ,Clinical,,
Utrecht,Utrecht,2,Dutch,Netherlands,home,NA,27,46,NA,,,NA,NA,NA,NA,NA,77.5,77-78,NA,NA,NA,,NA,NA,NA,NA,NA,NA,NA,NA,NA,NA,clara,,yes,,,NA,NA
Valian,Valian,21,English,"Massachusetts, New York, USA",home & lab,,20-26,21-28,no,probably,no,don't know,don't know,don't know,don't know,don't know in detail; largely nuclear,2,1-3,"30 for session 1, 60 for session two; sessions were within 2 weeks of each other",90-120,don't know,,working & middle class,1-2,don't know,urban western,urban western,don't know,don't know,?,yes,hundreds of millions,,,Yes,,,?,yes
Van Houten ,Van Houten ,,English,,,,,,,,,,,,,,,,,,,,,,,,,,,,,,,,No,some structured,Task-oriented,,
Van Kleeck ,Van Kleeck ,,English,,,,,,,,,,,,,,,,,,,,,,,,,,,,,,,,No,lab setting,In lab/school,,
van Oosten,van Oosten,6,Italian,"Roma, Italy",school and home,NA,,,,,,,,,,,,,,,,,,,,,,,,,,,,,no,picture book description,Task-oriented,,
van Oosten,van Oosten,20,Dutch/Italian,"Utrecht/Bilthoven, The Netherlands",school and home,NA,,,,,,,,,,,,,,,,,,,,,,,,,,,clara,paper in italian,no,storytelling,Task-oriented,,
van Oosten,van Oosten,20,Italian/Dutch,"Roma, Italy",school and home,NA,,,,,,,,,,,,,,,,,,,,,,,,,,,clara,,no,storytelling,Task-oriented,,
VanKampen,VanKampen,2,Dutch,Netherlands,home,"home, kindergarten",19,71,no,,,2,1,1,1,single parent,61,50-72,45,NA,university,4-5,middle class,2,researcher,urban,urban,NA,NA,yes,yes,NA,clara,,yes,,,yes,yes
Vija,Vija,1,Estonian,"Tartu, Estonia",home,nursery school,19,37 and 13 days,NA,,,NA,NA,NA,NA,NA,74,74,52.5,45-60,NA,,NA,NA,father in construction materials supply and mother student of linguistics,NA,NA,NA,NA,yes,NA,NA,clara,no paper,yes,,,yes,NA
Vila,Vila,1,Spanish/Catalan,Spain,NA,NA,21,64,yes,,,NA,NA,NA,NA,NA,44,NA,NA,NA,NA,,NA,NA,NA,NA,NA,NA,NA,NA,NA,NA,clara,no paper,Yes,,,NA,NA
Vila,Vila,1,Spanish,Spain,home,NA,11 and 9 days,56 and 15 days,NA,,,NA,NA,NA,NA,NA,35,35,NA,NA,NA,,NA,NA,NA,NA,NA,NA,NA,NA,NA,NA,clara,paper not accessible,yes,,,NA,NA
VionColas,VionColas,180,French,France,,,,,,,,,,,,,,,,,,,,,,,,,,,,,clara,,no,picture description,Task-oriented,,
Wagner,Wagner,13,German,"Dortmund, Germany",home,NA,85,NA,NA,,,NA,NA,NA,NA,NA,NA,NA,242,152-430,NA,,upper-middle-class ; upper-working-class ; middle-class ; working-class,1-2,varied,NA,NA,NA,NA,NA,NA,NA,clara,paper not accessible ,yes,,,NA,NA
Warren-Leubecker ,Warren-Leubecker ,20,English,"suburbs of Atlanta, Georgia, USA",home,,,,,,,,,,,,,,15,,,,middle-class,2,non-proffesionals,urban,,,,yes,yes,,Naomi,,Yes,,,,
Watkins,Watkins,7,English/French,"Paris, France",home,NA,21,86,yes,,,NA,NA,NA,NA,NA,NA,NA,NA,NA,NA,,NA,NA,NA,NA,NA,NA,NA,NA,NA,NA,clara,paper not accessible/various ages,yes,,,NA,NA
Weissenborn,Weissenborn,50,German,Germany,,,,,,,,,,,,,,,,,,,,,,,,,,,,,clara,,no,elicitation task,Task-oriented,,
Weist ,Weist ,6,English,Chautauqua County in Western New York State,lab or home,,28,50,,,,,,,,,,,30,,,,middle-class,middle-class,professionals,industrial,,,,,,,,,No,either lab or home,In lab/school,,
WeistJarosz,WeistJarosz,4,Polish,"Poznań, Poland",home,NA,22,28,NA,,,NA,NA,NA,NA,NA,9.75,6-20,45,NA,higher education,4-5,middle-class,2,NA,NA,NA,NA,NA,NA,NA,NA,clara,,yes,,,NA,NA
Wells,Wells,32,English,England,home,NA,18,49,NA,,,NA,NA,NA,NA,NA,9.3,8-10,24*90sec,NA,NA,,NA,NA,NA,NA,NA,NA,NA,NA,NA,NA,clara,paper is a book,yes,,,NA,NA
Wijnen,Wijnen,1,Dutch,Netherlands,home,NA,31,37,NA,,,NA,NA,NA,NA,NA,46,46,NA,NA,NA,,NA,NA,researcher,NA,NA,NA,NA,NA,NA,NA,clara,no paper,yes,,,NA,NA
Xinjiang,Xinjiang,60,Mandarin,China,NA,NA,NA,NA,NA,,,NA,NA,NA,NA,NA,NA,NA,NA,NA,NA,NA,NA,NA,NA,NA,NA,NA,NA,NA,NA,NA,clara,"no paper, no information on childes page",No,only child utterences,Only one transcribed,NA,NA
Yamaguchi,Yamaguchi,1,French,France,home,"home, nursery school, nanny's home",23,51,no,,,0,0,0,0,nuclear family,26,NA,56,50-62,University for both,4,middle-class,2,Mother: legal secretary; Father: gendarmerie officer,industrial,industrial,NA,NA,yes,yes,NA,clara,,yes,,,yes,yes
YipMatthews,YipMatthews,9,English/Cantonese,China,home,NA,22,46,yes,,,6,5,1.5,1.4,NA,55.6,34-84,30,NA,NA,,NA,NA,varied,NA,NA,NA,NA,NA,NA,NA,clara,some recordings have diary data to supplement them,yes,,,NA,NA
Yokoyama,Yokoyama,,Japanese,Fukuoka,"home, mainly","home, outside",13,36,no,no,no,1,1,2,2,nuclear family,105,105,NA (diary notes),NA,university,university,middle-class,middle-class,Mother: school teacher; Father: university lecturer,urban,urban,,,yes,yes,130 million for Japanese,,,no,diary,Diary,yes,yes
York,York,3,French,France,home,NA,22,43,NA,,,3,1,1,0.333,NA,NA,NA,30,NA,university/secondary school,2-5,NA,NA,varied,NA,NA,NA,NA,NA,NA,NA,clara,papers inaccessible,yes,,,NA,NA
Zagar,Zagar,20,Slovenian,Slovenia,kindergaten room,NA,42/66,NA,NA,,,NA,NA,NA,NA,NA,NA,NA,180,NA,NA,,NA,NA,NA,NA,NA,NA,NA,NA,NA,NA,clara,paper not accessible ,yes,,,NA,NA
ZAS,ZAS,80,Russian/German,Germany,,,,,,,,,,,,,,,,,,,,,,,,,,,,,clara,,no,storytelling,Task-oriented,,
Zhou1,Zhou1,15,Mandarin,China,lab,NA,14 / 20 / 26 / 32,NA,NA,,,NA,NA,NA,NA,NA,NA,NA,20,NA,university/technical secondary school,university/technical secondary school,middle-class,middle-class,most mothers are white-collar workers',NA,NA,NA,NA,NA,NA,NA,clara,,no,lab environment,In lab/school,NA,NA
Zhou2,Zhou2,15,Mandarin,China,kindergarten classroom,NA,54,NA,NA,,,NA,NA,NA,NA,NA,NA,NA,20,NA,NA,NA,high & low ses,high & low ses,NA,NA,NA,NA,NA,NA,NA,NA,clara,"paper not accessible, picture book w/ stories provided",No,structured,Task-oriented,NA,NA
Zhou3,Zhou3,1,Mandarin,China,NA,NA,8,53,NA,,,NA,NA,NA,NA,NA,NA,NA,NA,NA,mother BA,4,middle,2,publishing company,NA,NA,NA,NA,NA,NA,NA,clara,"no paper, no information on childes page",Yes,,,NA,NA
ZhouAssessment,ZhouAssessment,334,Mandarin,China,NA,NA,NA,NA,NA,,,NA,NA,NA,NA,NA,NA,NA,NA,NA,NA,NA,NA,NA,NA,NA,NA,NA,NA,NA,NA,NA,clara,"no paper, no information on childes page",No,not in the family (teacher),Unfamiliar adult,NA,NA
ZhouDinner,ZhouDinner,71,Mandarin,China,home,NA,66,NA,NA,,,NA,NA,NA,NA,NA,NA,NA,18.5,NA,NA,,high & low ses,1-2,NA,NA,NA,NA,NA,NA,NA,NA,clara,paper not accessible,yes,,,NA,NA
ZhouNarratives,ZhouNarratives,200,Mandarin,,,,,,,,,,,,,,,,,,,,,,,,,,,,,,clara,,no,narrative,Task-oriented,,
Zink,Zink,4,Dutch,Netherlands,home,NA,8,25,no,,,NA,NA,NA,NA,NA,38,37-39,60,NA,NA,NA,middle to upper-class,middle to upper-class,NA,NA,NA,NA,NA,NA,NA,NA,clara,,no,only child speech,Only one transcribed,NA,NA
Zlatev,Zlatev,3,Central (standard) Thai,Bangkok,"home, with mothers or nannies",,,18-28,no,,,,,,,,,,,,,,middle-class,middle-class,,industrial,industrial,,,Will start pre-school at 3 years age,yes,,clara,,no,404 Not Found,Not available,Will start pre-school at 3 years age,yes
Zupping,Zupping,1,Estonian,Southern Estonia,home,NA,15,50,NA,,,1,NA,1,NA,NA,50,50,NA,NA,NA,,middle-class,2,NA,NA,NA,NA,NA,NA,NA,NA,clara,no paper,yes,,,NA,NA